"Record Number","PMBJP Drug Code","Generic Tablet Name","Common Disease or Condition","Therapeutic Category","Pack Size","MRP (INR)","Price Basis","Source URL","Source Access Date"
1,"426","Acenocoumarol Tablets IP 2 mg","Cardiovascular disease; exact use depends on medicine","Cardiovascular System (CVS)","30's",33.75,"Official PMBJP maximum retail price for the stated pack","https://www.janaushadhi.gov.in/product-portfolio/product-mrp-list","2026-08-11"
2,"1898","Agomelatine Tablets 25 mg","Neurological or mental-health condition; exact use varies","Central Nervous System (CNS)","10's",61.88,"Official PMBJP maximum retail price for the stated pack","https://www.janaushadhi.gov.in/product-portfolio/product-mrp-list","2026-08-11"
3,"2224","Acarbose 50mg and Metformin Hydrochloride 500mg Tablets","Type 2 diabetes","Anti-Diabetic","10's",77.81,"Official PMBJP maximum retail price for the stated pack","https://www.janaushadhi.gov.in/product-portfolio/product-mrp-list","2026-08-11"
4,"1","Aceclofenac 100mg and Paracetamol 325mg Tablets","Pain and fever","Analgesic/Antipyretic/Anti-Inflammatory","10's",10.32,"Official PMBJP maximum retail price for the stated pack","https://www.janaushadhi.gov.in/product-portfolio/product-mrp-list","2026-08-11"
5,"401","Amoxycillin 250mg and Potassium Clavulanate 125mg Tablets IP","Susceptible bacterial infection","Antibiotics","6's",45.39,"Official PMBJP maximum retail price for the stated pack","https://www.janaushadhi.gov.in/product-portfolio/product-mrp-list","2026-08-11"
6,"1498","Acotiamide Tablets 100mg","Digestive-system condition; exact use varies","Gastrointestinal (GIT)","10's",68.44,"Official PMBJP maximum retail price for the stated pack","https://www.janaushadhi.gov.in/product-portfolio/product-mrp-list","2026-08-11"
7,"779","Alpha Lipolic Acid 100mg, Vitamin D3 1000IU, Folic Acid 1.5mg, Pyridoxine 3mg and Methylcobalamin1500mcg Tablets","Iron-deficiency anaemia / nutritional supplementation","Supplement/Vitamin/Mineral","10's",49.5,"Official PMBJP maximum retail price for the stated pack","https://www.janaushadhi.gov.in/product-portfolio/product-mrp-list","2026-08-11"
8,"1855","Alfuzosin 10mg and Dutasteride 0.5mg Tablets","Enlarged prostate urinary symptoms","Urology","10's",56.25,"Official PMBJP maximum retail price for the stated pack","https://www.janaushadhi.gov.in/product-portfolio/product-mrp-list","2026-08-11"
9,"788","Anastrozole Tablets IP 1mg","Hormone-sensitive breast cancer; specialist use","Oncology","10's",73.13,"Official PMBJP maximum retail price for the stated pack","https://www.janaushadhi.gov.in/product-portfolio/product-mrp-list","2026-08-11"
10,"1489","Acebrophylline 100mg and Acetylcysteine 600mg Tablets","Respiratory condition; exact use varies","Respiratory","10's",61.88,"Official PMBJP maximum retail price for the stated pack","https://www.janaushadhi.gov.in/product-portfolio/product-mrp-list","2026-08-11"
11,"2226","Alendronate Sodium Tablets USP 70mg","Bone, joint or muscle condition","Ortho","4's",18.75,"Official PMBJP maximum retail price for the stated pack","https://www.janaushadhi.gov.in/product-portfolio/product-mrp-list","2026-08-11"
12,"1257","Allylestrenol Tablets 5 mg","Women's health condition; exact use varies","Gynaecology","10's",30.94,"Official PMBJP maximum retail price for the stated pack","https://www.janaushadhi.gov.in/product-portfolio/product-mrp-list","2026-08-11"
13,"1524","Bepotastine Besilate Tablets 10mg","Allergy symptoms","Anti-Histaminic","10's",60.94,"Official PMBJP maximum retail price for the stated pack","https://www.janaushadhi.gov.in/product-portfolio/product-mrp-list","2026-08-11"
14,"899","Frusemide 20mg and Spironolactone 50mg Tablets","Heart failure; specialist-directed use","Diuretic","10's",28.88,"Official PMBJP maximum retail price for the stated pack","https://www.janaushadhi.gov.in/product-portfolio/product-mrp-list","2026-08-11"
15,"505","Carbimazole Tablets IP 10 mg","Overactive thyroid (hyperthyroidism)","Anti-Thyroid","100's",72.19,"Official PMBJP maximum retail price for the stated pack","https://www.janaushadhi.gov.in/product-portfolio/product-mrp-list","2026-08-11"
16,"1222","Artemether 80mg and Lumefantrine 480mg Tablets","Malaria; regimen depends on species and region","Anti-Malarial","6's",28.13,"Official PMBJP maximum retail price for the stated pack","https://www.janaushadhi.gov.in/product-portfolio/product-mrp-list","2026-08-11"
17,"2014","Daclatasvir Tablets 60 mg","Selected liver condition","Hepato-Protective","28's Bottle",871.88,"Official PMBJP maximum retail price for the stated pack","https://www.janaushadhi.gov.in/product-portfolio/product-mrp-list","2026-08-11"
18,"2250","Abacavir 600mg and Lamivudine 300mg Tablets","HIV infection; combination regimen only","Anti-Retroviral","30's Bottle",867.19,"Official PMBJP maximum retail price for the stated pack","https://www.janaushadhi.gov.in/product-portfolio/product-mrp-list","2026-08-11"
19,"501","Betamethasone Sodium Phosphate Tablets IP 0.5 mg","Hormonal or inflammatory condition","Steroids & Hormones","20's",8.25,"Official PMBJP maximum retail price for the stated pack","https://www.janaushadhi.gov.in/product-portfolio/product-mrp-list","2026-08-11"
20,"1246","Fluconazole Tablets IP 150 mg","Fungal infection","Anti-Fungal","1's",5.68,"Official PMBJP maximum retail price for the stated pack","https://www.janaushadhi.gov.in/product-portfolio/product-mrp-list","2026-08-11"
21,"412","Azathioprine Tablets IP 50 mg","Transplant or autoimmune condition; specialist use","Immunosuppressant","10's",45,"Official PMBJP maximum retail price for the stated pack","https://www.janaushadhi.gov.in/product-portfolio/product-mrp-list","2026-08-11"
22,"178","Albendazole 400mg and Ivermectin 6mg Tablets","Parasitic worm infection","Anthelmintic","1's",6.81,"Official PMBJP maximum retail price for the stated pack","https://www.janaushadhi.gov.in/product-portfolio/product-mrp-list","2026-08-11"
23,"1496","Aciclovir Dispersible Tablets IP 400 mg","Selected viral infection; diagnosis required","Anti-Viral","5's",28.13,"Official PMBJP maximum retail price for the stated pack","https://www.janaushadhi.gov.in/product-portfolio/product-mrp-list","2026-08-11"
24,"2094","Cinnarizine 20mg and Domperidone 15mg Tablet","Nausea and vomiting","Anti-Emetic","10's",9.38,"Official PMBJP maximum retail price for the stated pack","https://www.janaushadhi.gov.in/product-portfolio/product-mrp-list","2026-08-11"
25,"2526","Deferasirox Dispersible Tablets 180mg","Iron overload; specialist use","Iron-Chelating Agents","10's",46.88,"Official PMBJP maximum retail price for the stated pack","https://www.janaushadhi.gov.in/product-portfolio/product-mrp-list","2026-08-11"
26,"2385","Apixaban Tablets 2.5mg","Prevention or treatment of blood clots","Anticoagulant","10's",18.75,"Official PMBJP maximum retail price for the stated pack","https://www.janaushadhi.gov.in/product-portfolio/product-mrp-list","2026-08-11"
27,"632","Etamsylate Tablets 250 mg","Bleeding disorder; specialist use","Coagulants","10's",8.44,"Official PMBJP maximum retail price for the stated pack","https://www.janaushadhi.gov.in/product-portfolio/product-mrp-list","2026-08-11"
28,"514","Chymotrypsin and Trypsin (1:6 ) Tablets 100K AU","Digestive enzyme deficiency or support","Enzyme Preparation","20's",51.57,"Official PMBJP maximum retail price for the stated pack","https://www.janaushadhi.gov.in/product-portfolio/product-mrp-list","2026-08-11"
29,"1512","Apremilast Tablets IP 10mg","Skin condition; exact use varies","Derma Care","10's",75,"Official PMBJP maximum retail price for the stated pack","https://www.janaushadhi.gov.in/product-portfolio/product-mrp-list","2026-08-11"
30,"1963","N-Acetylcysteine 150Mg And Taurine 500Mg Tablets","Kidney-related condition; specialist use","Nephrology","10's",30.94,"Official PMBJP maximum retail price for the stated pack","https://www.janaushadhi.gov.in/product-portfolio/product-mrp-list","2026-08-11"
31,"2482","Topiroxostat Tablets 20mg","Gout / high uric acid","Treatment of Gout","10's",46.88,"Official PMBJP maximum retail price for the stated pack","https://www.janaushadhi.gov.in/product-portfolio/product-mrp-list","2026-08-11"
32,"2284","Acamprosate Calcium Tablets 333mg","Vitamin D or calcium deficiency / bone health","Anti-Alcoholism","6's",46.88,"Official PMBJP maximum retail price for the stated pack","https://www.janaushadhi.gov.in/product-portfolio/product-mrp-list","2026-08-11"
33,"2376","Ashwagandha Tablets 250 mg","Traditional supportive care; evidence and use vary","Ayurvedic","60's in Bottle",50,"Official PMBJP maximum retail price for the stated pack","https://www.janaushadhi.gov.in/product-portfolio/product-mrp-list","2026-08-11"
34,"2416","Eltrombopag Tablets 25mg","Severe aplastic anaemia; specialist use","Treatment of Severe Aplastic Anemia","7's",271.88,"Official PMBJP maximum retail price for the stated pack","https://www.janaushadhi.gov.in/product-portfolio/product-mrp-list","2026-08-11"
35,"768","Acetazolamide Tablets IP 250mg","Altitude sickness prevention or treatment","Altitude Sickness","10's",18,"Official PMBJP maximum retail price for the stated pack","https://www.janaushadhi.gov.in/product-portfolio/product-mrp-list","2026-08-11"
36,"746","Valganciclovir Hydrochloride Tablets USP 450 mg","Selected viral infection","Anti-viral","10's",1740,"Official PMBJP maximum retail price for the stated pack","https://www.janaushadhi.gov.in/product-portfolio/product-mrp-list","2026-08-11"
37,"2204","Tenofovir Alafenamide Tablets IP 25mg","HIV infection; combination regimen only","Hepato-protective","30's in Bottle",562.5,"Official PMBJP maximum retail price for the stated pack","https://www.janaushadhi.gov.in/product-portfolio/product-mrp-list","2026-08-11"
38,"2245","Janushadhi Madhurak (Stevia Natural Sweetener (Tablets/Pellets))","Nutritional supplementation","Nutraceuticals","100's",75,"Official PMBJP maximum retail price for the stated pack","https://www.janaushadhi.gov.in/product-portfolio/product-mrp-list","2026-08-11"
39,"2123","Metformin Hydrochloride (sustained-relase) 500mg and Myo-Inositol 600mg Tablets","Type 2 diabetes","Polycystic ovary/ovarian Syndrome","10's",82.5,"Official PMBJP maximum retail price for the stated pack","https://www.janaushadhi.gov.in/product-portfolio/product-mrp-list","2026-08-11"
40,"769","Acetylsalicylic Acid (Aspirin) Gastro-resistant Tablets IP 325mg","Prevention of blood clots, heart attack or stroke","Cardiovascular System (CVS)","14's",7.5,"Official PMBJP maximum retail price for the stated pack","https://www.janaushadhi.gov.in/product-portfolio/product-mrp-list","2026-08-11"
41,"781","Alprazolam 0.25mg and Fluoxetine 20mg Tablets","Depression and/or anxiety disorder","Central Nervous System (CNS)","10's",13.13,"Official PMBJP maximum retail price for the stated pack","https://www.janaushadhi.gov.in/product-portfolio/product-mrp-list","2026-08-11"
42,"1488","Acarbose Tablets IP 25 mg","Diabetes mellitus","Anti-Diabetic","10's",37.5,"Official PMBJP maximum retail price for the stated pack","https://www.janaushadhi.gov.in/product-portfolio/product-mrp-list","2026-08-11"
43,"637","Aceclofenac 100mg, Paracetamol 325mg and Chlorzoxazone 250mg Tablets","Pain and fever","Analgesic/Antipyretic/Anti-Inflammatory","10's",16.5,"Official PMBJP maximum retail price for the stated pack","https://www.janaushadhi.gov.in/product-portfolio/product-mrp-list","2026-08-11"
44,"39","Amoxycillin 500mg and Potassium Clavulanate 125mg Tablets IP","Susceptible bacterial infection","Antibiotics","6's",57.85,"Official PMBJP maximum retail price for the stated pack","https://www.janaushadhi.gov.in/product-portfolio/product-mrp-list","2026-08-11"
45,"180","Bisacodyl Tablets IP 5mg","Constipation","Gastrointestinal (GIT)","10's",6.19,"Official PMBJP maximum retail price for the stated pack","https://www.janaushadhi.gov.in/product-portfolio/product-mrp-list","2026-08-11"
46,"673","Biotin Tablets 10mg","Nutritional deficiency / supplementation","Supplement/Vitamin/Mineral","10's",31.88,"Official PMBJP maximum retail price for the stated pack","https://www.janaushadhi.gov.in/product-portfolio/product-mrp-list","2026-08-11"
47,"1854","Alfuzosin Prolonged-release Tablets IP 10mg","Urinary or prostate condition; exact use varies","Urology","10's",42.19,"Official PMBJP maximum retail price for the stated pack","https://www.janaushadhi.gov.in/product-portfolio/product-mrp-list","2026-08-11"
48,"806","Bicalutamide Tablets IP 50mg","Cancer treatment; type and regimen are specialist-defined","Oncology","10's",128.44,"Official PMBJP maximum retail price for the stated pack","https://www.janaushadhi.gov.in/product-portfolio/product-mrp-list","2026-08-11"
49,"1255","Acebrophylline 200mg (Sustained Release) and Montelukast 10mg Tablets","Asthma or obstructive airway symptoms","Respiratory","10's",56.72,"Official PMBJP maximum retail price for the stated pack","https://www.janaushadhi.gov.in/product-portfolio/product-mrp-list","2026-08-11"
50,"336","Allopurinol Tablets IP 100 mg","Gout / high uric acid","Ortho","10's",10.31,"Official PMBJP maximum retail price for the stated pack","https://www.janaushadhi.gov.in/product-portfolio/product-mrp-list","2026-08-11"
51,"814","Cabergoline Tablets IP 0.5mg","Women's health condition; exact use varies","Gynaecology","4's",159.38,"Official PMBJP maximum retail price for the stated pack","https://www.janaushadhi.gov.in/product-portfolio/product-mrp-list","2026-08-11"
52,"1528","Bilastine Tablets 20 mg","Allergy symptoms","Anti-Histaminic","10's",32.81,"Official PMBJP maximum retail price for the stated pack","https://www.janaushadhi.gov.in/product-portfolio/product-mrp-list","2026-08-11"
53,"279","Frusemide Tablets IP 40 mg","Fluid retention and/or hypertension","Diuretic","10's",4.94,"Official PMBJP maximum retail price for the stated pack","https://www.janaushadhi.gov.in/product-portfolio/product-mrp-list","2026-08-11"
54,"507","Carbimazole Tablets IP 5 mg","Overactive thyroid (hyperthyroidism)","Anti-Thyroid","10's",10.31,"Official PMBJP maximum retail price for the stated pack","https://www.janaushadhi.gov.in/product-portfolio/product-mrp-list","2026-08-11"
55,"1892","Artesunate 200mg Tablets, Sulfadoxine 500mg and Pyrimethamine 25mg Tablets IP Combi kit","Malaria","Anti-Malarial","KIT",42.19,"Official PMBJP maximum retail price for the stated pack","https://www.janaushadhi.gov.in/product-portfolio/product-mrp-list","2026-08-11"
56,"1612","Entecavir Tablets IP 0.5 mg","Selected liver condition","Hepato-Protective","10's",93.75,"Official PMBJP maximum retail price for the stated pack","https://www.janaushadhi.gov.in/product-portfolio/product-mrp-list","2026-08-11"
57,"2249","Abacavir 600mg, Dolutegravir 50mg and Lamivudine 300mg Tablets","HIV infection; combination regimen only","Anti-Retroviral","30's Bottle",2718.75,"Official PMBJP maximum retail price for the stated pack","https://www.janaushadhi.gov.in/product-portfolio/product-mrp-list","2026-08-11"
58,"333","Dexamethasone Tablets IP 0.5 mg","Inflammatory or immune condition; short specialist course","Steroids & Hormones","10's",1.88,"Official PMBJP maximum retail price for the stated pack","https://www.janaushadhi.gov.in/product-portfolio/product-mrp-list","2026-08-11"
59,"2772","Fluconazole Tablets IP 200 mg","Fungal infection","Anti-Fungal","4's",22.5,"Official PMBJP maximum retail price for the stated pack","https://www.janaushadhi.gov.in/product-portfolio/product-mrp-list","2026-08-11"
60,"2684","Everolimus Tablets 0.25 mg","Transplant or autoimmune condition; specialist use","Immunosuppressant","10's",250,"Official PMBJP maximum retail price for the stated pack","https://www.janaushadhi.gov.in/product-portfolio/product-mrp-list","2026-08-11"
61,"1236","Albendazole Tablets IP 400mg","Parasitic worm infection","Anthelmintic","1's",3.4,"Official PMBJP maximum retail price for the stated pack","https://www.janaushadhi.gov.in/product-portfolio/product-mrp-list","2026-08-11"
62,"393","Aciclovir Dispersible Tablets IP 800 mg","Selected viral infection; diagnosis required","Anti-Viral","5's",41.25,"Official PMBJP maximum retail price for the stated pack","https://www.janaushadhi.gov.in/product-portfolio/product-mrp-list","2026-08-11"
63,"186","Domperidone Tablets IP 10 mg","Nausea and vomiting","Anti-Emetic","10's",4.54,"Official PMBJP maximum retail price for the stated pack","https://www.janaushadhi.gov.in/product-portfolio/product-mrp-list","2026-08-11"
64,"2527","Deferasirox Dispersible Tablets 250mg","Iron overload; specialist use","Iron-Chelating Agents","30's",65.63,"Official PMBJP maximum retail price for the stated pack","https://www.janaushadhi.gov.in/product-portfolio/product-mrp-list","2026-08-11"
65,"2386","Apixaban Tablets 5mg","Prevention or treatment of blood clots","Anticoagulant","10's",32.81,"Official PMBJP maximum retail price for the stated pack","https://www.janaushadhi.gov.in/product-portfolio/product-mrp-list","2026-08-11"
66,"631","Etamsylate Tablets 500 mg","Bleeding disorder; specialist use","Coagulants","10's",12.19,"Official PMBJP maximum retail price for the stated pack","https://www.janaushadhi.gov.in/product-portfolio/product-mrp-list","2026-08-11"
67,"1738","L-Ornithine L-Aspartate 150mg and Pancreatin 100mg Tablets","Digestive enzyme deficiency or support","Enzyme Preparation","10's",18.75,"Official PMBJP maximum retail price for the stated pack","https://www.janaushadhi.gov.in/product-portfolio/product-mrp-list","2026-08-11"
68,"1513","Apremilast Tablets IP 20mg","Skin condition; exact use varies","Derma Care","10's",93.75,"Official PMBJP maximum retail price for the stated pack","https://www.janaushadhi.gov.in/product-portfolio/product-mrp-list","2026-08-11"
69,"2349","Sevelamer 800mg Tablets","Kidney-related condition; specialist use","Nephrology","10's",75,"Official PMBJP maximum retail price for the stated pack","https://www.janaushadhi.gov.in/product-portfolio/product-mrp-list","2026-08-11"
70,"2483","Topiroxostat Tablets 40mg","Gout / high uric acid","Treatment of Gout","10's",84.38,"Official PMBJP maximum retail price for the stated pack","https://www.janaushadhi.gov.in/product-portfolio/product-mrp-list","2026-08-11"
71,"601","Disulfiram Tablets IP 500 mg","Alcohol-use disorder support","Anti-Alcoholism","4's",6.56,"Official PMBJP maximum retail price for the stated pack","https://www.janaushadhi.gov.in/product-portfolio/product-mrp-list","2026-08-11"
72,"2375","Triphala Tablets 500 mg","Traditional supportive care; evidence and use vary","Ayurvedic","60's in Bottle",30,"Official PMBJP maximum retail price for the stated pack","https://www.janaushadhi.gov.in/product-portfolio/product-mrp-list","2026-08-11"
73,"2417","Eltrombopag Tablets 50mg","Severe aplastic anaemia; specialist use","Treatment of Severe Aplastic Anemia","7's",421.88,"Official PMBJP maximum retail price for the stated pack","https://www.janaushadhi.gov.in/product-portfolio/product-mrp-list","2026-08-11"
74,"1261","Amiloride 2.5mg and Hydrochlorothiazide 25mg Tablet IP","High blood pressure (hypertension)","Cardiovascular System (CVS)","10's",14.06,"Official PMBJP maximum retail price for the stated pack","https://www.janaushadhi.gov.in/product-portfolio/product-mrp-list","2026-08-11"
75,"1900","Alprazolam 0.25mg and Propranolol Hydrochloride 10mg Tablets","Anxiety or seizure-related use; dependence risk","Central Nervous System (CNS)","10's",14.06,"Official PMBJP maximum retail price for the stated pack","https://www.janaushadhi.gov.in/product-portfolio/product-mrp-list","2026-08-11"
76,"369","Acarbose Tablets IP 50 mg","Diabetes mellitus","Anti-Diabetic","10's",63.94,"Official PMBJP maximum retail price for the stated pack","https://www.janaushadhi.gov.in/product-portfolio/product-mrp-list","2026-08-11"
77,"512","Aceclofenac 100mg, Paracetamol 325mg and Serratiopeptidase 15mg Tablets","Pain and fever","Analgesic/Antipyretic/Anti-Inflammatory","10's",19.59,"Official PMBJP maximum retail price for the stated pack","https://www.janaushadhi.gov.in/product-portfolio/product-mrp-list","2026-08-11"
78,"1972","Amoxycillin 500mg, Clavulanic Acid 125mg and Lactic Acid Bacillus 60 Million Spores Tablets","Susceptible bacterial infection","Antibiotics","10's",93.75,"Official PMBJP maximum retail price for the stated pack","https://www.janaushadhi.gov.in/product-portfolio/product-mrp-list","2026-08-11"
79,"477","Chlordiazepoxide 5mg and Clidinium Bromide 2.5mg Tablets","Digestive-system condition; exact use varies","Gastrointestinal (GIT)","10's",8.44,"Official PMBJP maximum retail price for the stated pack","https://www.janaushadhi.gov.in/product-portfolio/product-mrp-list","2026-08-11"
80,"2297","Calcium (Calcium Carbonate) 1250mg, Vitamin D3 2000 IU, Mecobalamin (Vitamin B12) 1500mcg, L-Methylfolate Calcium (Vitamin B9) 1mg, Pyridoxal-5-Phosphate (Vitamin B6) 20mg Tablets","Vitamin D or calcium deficiency / bone health","Supplement/Vitamin/Mineral","10's",37.5,"Official PMBJP maximum retail price for the stated pack","https://www.janaushadhi.gov.in/product-portfolio/product-mrp-list","2026-08-11"
81,"2397","Bethanechol Chloride 25mg Tablets","Urinary or prostate condition; exact use varies","Urology","10's",87.19,"Official PMBJP maximum retail price for the stated pack","https://www.janaushadhi.gov.in/product-portfolio/product-mrp-list","2026-08-11"
82,"2664","Cabozantinib Tablets 20 mg","Cancer treatment; specialist use","Oncology","30's bottle",1453.13,"Official PMBJP maximum retail price for the stated pack","https://www.janaushadhi.gov.in/product-portfolio/product-mrp-list","2026-08-11"
83,"1490","Acebrophylline Sustained Release Tablets 200 mg","Respiratory condition; exact use varies","Respiratory","10's",28.13,"Official PMBJP maximum retail price for the stated pack","https://www.janaushadhi.gov.in/product-portfolio/product-mrp-list","2026-08-11"
84,"2223","Amisulpride Tablets IP 300mg","Bone, joint or muscle condition","Ortho","10's",75,"Official PMBJP maximum retail price for the stated pack","https://www.janaushadhi.gov.in/product-portfolio/product-mrp-list","2026-08-11"
85,"337","Clomiphene Citrate Tablets IP 50mg","Ovulation induction in selected infertility","Gynaecology","10's",20.63,"Official PMBJP maximum retail price for the stated pack","https://www.janaushadhi.gov.in/product-portfolio/product-mrp-list","2026-08-11"
86,"240","Cetrizine Hydrochloride Tablets IP 10mg","Allergy symptoms","Anti-Histaminic","10's",5.68,"Official PMBJP maximum retail price for the stated pack","https://www.janaushadhi.gov.in/product-portfolio/product-mrp-list","2026-08-11"
87,"2691","Hydrochlorothiazide Tablets IP 25 mg","High blood pressure (hypertension)","Diuretic","10's",8.44,"Official PMBJP maximum retail price for the stated pack","https://www.janaushadhi.gov.in/product-portfolio/product-mrp-list","2026-08-11"
88,"500","Levo-Thyroxine Sodium Tablets IP 100 mcg","Underactive thyroid (hypothyroidism)","Anti-Thyroid","100's",60,"Official PMBJP maximum retail price for the stated pack","https://www.janaushadhi.gov.in/product-portfolio/product-mrp-list","2026-08-11"
89,"305","Chloroquine Phosphate Tablets IP 250 mg","Malaria; regimen depends on species and region","Anti-Malarial","10's",5,"Official PMBJP maximum retail price for the stated pack","https://www.janaushadhi.gov.in/product-portfolio/product-mrp-list","2026-08-11"
90,"2335","Obeticholic Acid 10mg Tablets","Selected liver condition","Hepato-Protective","10's",93.75,"Official PMBJP maximum retail price for the stated pack","https://www.janaushadhi.gov.in/product-portfolio/product-mrp-list","2026-08-11"
91,"2032","Atazanavir 300mg and Ritonavir 100mg Tablets IP","HIV infection; combination regimen only","Anti-Retroviral","30's Bottle",768.75,"Official PMBJP maximum retail price for the stated pack","https://www.janaushadhi.gov.in/product-portfolio/product-mrp-list","2026-08-11"
92,"2692","Hydrocortisone Tablets 10mg","Hormonal or inflammatory condition","Steroids & Hormones","10's",18.75,"Official PMBJP maximum retail price for the stated pack","https://www.janaushadhi.gov.in/product-portfolio/product-mrp-list","2026-08-11"
93,"2773","Fluconazole Tablets IP 400 mg","Fungal infection","Anti-Fungal","1's",9.38,"Official PMBJP maximum retail price for the stated pack","https://www.janaushadhi.gov.in/product-portfolio/product-mrp-list","2026-08-11"
94,"2685","Everolimus Tablets 0.5 mg","Transplant or autoimmune condition; specialist use","Immunosuppressant","10's",450,"Official PMBJP maximum retail price for the stated pack","https://www.janaushadhi.gov.in/product-portfolio/product-mrp-list","2026-08-11"
95,"2161","Diethylcarbamazine 150mg Tablets","Parasitic worm infection","Anthelmintic","10's",10,"Official PMBJP maximum retail price for the stated pack","https://www.janaushadhi.gov.in/product-portfolio/product-mrp-list","2026-08-11"
96,"29","Aciclovir Tablets IP 400 mg","Selected viral infection; diagnosis required","Anti-Viral","10's",41.25,"Official PMBJP maximum retail price for the stated pack","https://www.janaushadhi.gov.in/product-portfolio/product-mrp-list","2026-08-11"
97,"2126","Ondansetron Orally disintegrating Tablets IP 8mg","Nausea and vomiting","Anti-Emetic","10's",10.31,"Official PMBJP maximum retail price for the stated pack","https://www.janaushadhi.gov.in/product-portfolio/product-mrp-list","2026-08-11"
98,"2528","Deferasirox Dispersible Tablets 360mg","Iron overload; specialist use","Iron-Chelating Agents","10's",79.69,"Official PMBJP maximum retail price for the stated pack","https://www.janaushadhi.gov.in/product-portfolio/product-mrp-list","2026-08-11"
99,"2731","Rivaroxaban Tablet 15 mg","Prevention or treatment of blood clots","Anticoagulant","14's",117.19,"Official PMBJP maximum retail price for the stated pack","https://www.janaushadhi.gov.in/product-portfolio/product-mrp-list","2026-08-11"
100,"414","Tranexamic Acid 500mg and Mefenamic Acid 250mg Tablets","Pain and inflammatory conditions","Coagulants","10's",76.88,"Official PMBJP maximum retail price for the stated pack","https://www.janaushadhi.gov.in/product-portfolio/product-mrp-list","2026-08-11"
101,"2040","L-Ornithine L-Aspartate 150mg and Pancreatin 100mg Tablets","Digestive enzyme deficiency or support","Enzyme Preparation","10's",28.13,"Official PMBJP maximum retail price for the stated pack","https://www.janaushadhi.gov.in/product-portfolio/product-mrp-list","2026-08-11"
102,"1514","Apremilast Tablets IP 30mg","Skin condition; exact use varies","Derma Care","10's",129.38,"Official PMBJP maximum retail price for the stated pack","https://www.janaushadhi.gov.in/product-portfolio/product-mrp-list","2026-08-11"
103,"2201","Sevelamer Carbonate Tablets 400mg","Kidney-related condition; specialist use","Nephrology","10's",51.56,"Official PMBJP maximum retail price for the stated pack","https://www.janaushadhi.gov.in/product-portfolio/product-mrp-list","2026-08-11"
104,"2484","Topiroxostat Tablets 60mg","Gout / high uric acid","Treatment of Gout","10's",121.88,"Official PMBJP maximum retail price for the stated pack","https://www.janaushadhi.gov.in/product-portfolio/product-mrp-list","2026-08-11"
105,"1502","Amiodarone Tablets IP 100 mg","Abnormal heart rhythm / angina","Cardiovascular System (CVS)","10's",29.06,"Official PMBJP maximum retail price for the stated pack","https://www.janaushadhi.gov.in/product-portfolio/product-mrp-list","2026-08-11"
106,"1899","Alprazolam 0.25mg and Propranolol Hydrochloride 20mg Tablets","Anxiety or seizure-related use; dependence risk","Central Nervous System (CNS)","10's",15,"Official PMBJP maximum retail price for the stated pack","https://www.janaushadhi.gov.in/product-portfolio/product-mrp-list","2026-08-11"
107,"2221","Alpha Ketoanalouge and Essential Amino Acid Tablets","Diabetes mellitus","Anti-Diabetic","10's",80,"Official PMBJP maximum retail price for the stated pack","https://www.janaushadhi.gov.in/product-portfolio/product-mrp-list","2026-08-11"
108,"1493","Aceclofenac 100mg, Paracetamol 325mg and Thiocolchicoside 4mg Tablets","Pain and fever","Analgesic/Antipyretic/Anti-Inflammatory","10's",51.56,"Official PMBJP maximum retail price for the stated pack","https://www.janaushadhi.gov.in/product-portfolio/product-mrp-list","2026-08-11"
109,"402","Amoxycillin 875mg and Potassium Clavulanate 125mg Tablets IP","Susceptible bacterial infection","Antibiotics","6's",72.19,"Official PMBJP maximum retail price for the stated pack","https://www.janaushadhi.gov.in/product-portfolio/product-mrp-list","2026-08-11"
110,"1285","Cinitapride Tablets 1 mg","Digestive-system condition; exact use varies","Gastrointestinal (GIT)","10's",28.13,"Official PMBJP maximum retail price for the stated pack","https://www.janaushadhi.gov.in/product-portfolio/product-mrp-list","2026-08-11"
111,"1540","Calcium (from Coral Grains) 500mg and Vitamin D-3 500IU Tablets","Vitamin D or calcium deficiency / bone health","Supplement/Vitamin/Mineral","10's",28.13,"Official PMBJP maximum retail price for the stated pack","https://www.janaushadhi.gov.in/product-portfolio/product-mrp-list","2026-08-11"
112,"2301","Dapoxetine Tablets IP 30mg","Urinary or prostate condition; exact use varies","Urology","4's",14.06,"Official PMBJP maximum retail price for the stated pack","https://www.janaushadhi.gov.in/product-portfolio/product-mrp-list","2026-08-11"
113,"2665","Cabozantinib Tablets 40 mg","Cancer treatment; specialist use","Oncology","30's bottle",2296.88,"Official PMBJP maximum retail price for the stated pack","https://www.janaushadhi.gov.in/product-portfolio/product-mrp-list","2026-08-11"
114,"2225","Acetylcysteine Effervescent Tablets 600mg","Respiratory condition; exact use varies","Respiratory","10's",126.56,"Official PMBJP maximum retail price for the stated pack","https://www.janaushadhi.gov.in/product-portfolio/product-mrp-list","2026-08-11"
115,"2158","Calcium Pantothenate 100mg Tablets IP","Vitamin D or calcium deficiency / bone health","Ortho","10's",14.06,"Official PMBJP maximum retail price for the stated pack","https://www.janaushadhi.gov.in/product-portfolio/product-mrp-list","2026-08-11"
116,"497","Combipack of Mifepristone Tablets IP 200mg (1 Tablet) & Misoprostol Tablets IP 200mcg (4 Tablets)","Women's health condition; exact use varies","Gynaecology","1's",69.38,"Official PMBJP maximum retail price for the stated pack","https://www.janaushadhi.gov.in/product-portfolio/product-mrp-list","2026-08-11"
117,"502","Deflazacort Tablets 6 mg","Inflammatory or immune condition; short specialist course","Anti-Histaminic","6's",14.75,"Official PMBJP maximum retail price for the stated pack","https://www.janaushadhi.gov.in/product-portfolio/product-mrp-list","2026-08-11"
118,"2135","Spironolactone 50mg and Torasemide 20mg Tablets","Heart failure; specialist-directed use","Diuretic","10's",39.38,"Official PMBJP maximum retail price for the stated pack","https://www.janaushadhi.gov.in/product-portfolio/product-mrp-list","2026-08-11"
119,"332","Thyroxine Sodium Tablets IP 100 mcg","Underactive thyroid (hypothyroidism)","Anti-Thyroid","100's",70.33,"Official PMBJP maximum retail price for the stated pack","https://www.janaushadhi.gov.in/product-portfolio/product-mrp-list","2026-08-11"
120,"1476","Hydroxychloroquine Tablet IP 400 mg","Malaria; regimen depends on species and region","Anti-Malarial","10's",76.88,"Official PMBJP maximum retail price for the stated pack","https://www.janaushadhi.gov.in/product-portfolio/product-mrp-list","2026-08-11"
121,"2336","Obeticholic Acid 5mg Tablets","Selected liver condition","Hepato-Protective","10's",56.25,"Official PMBJP maximum retail price for the stated pack","https://www.janaushadhi.gov.in/product-portfolio/product-mrp-list","2026-08-11"
122,"2415","Dolutegravir Tablets 50mg","HIV infection; combination regimen only","Anti-Retroviral","30's Bottle",187.5,"Official PMBJP maximum retail price for the stated pack","https://www.janaushadhi.gov.in/product-portfolio/product-mrp-list","2026-08-11"
123,"2693","Hydrocortisone Tablets 5mg","Hormonal or inflammatory condition","Steroids & Hormones","10's",10.31,"Official PMBJP maximum retail price for the stated pack","https://www.janaushadhi.gov.in/product-portfolio/product-mrp-list","2026-08-11"
124,"2771","Fluconazole Tablets IP 50 mg","Fungal infection","Anti-Fungal","4's",7.5,"Official PMBJP maximum retail price for the stated pack","https://www.janaushadhi.gov.in/product-portfolio/product-mrp-list","2026-08-11"
125,"2687","Everolimus Tablets 10 mg","Transplant or autoimmune condition; specialist use","Immunosuppressant","10's",7000,"Official PMBJP maximum retail price for the stated pack","https://www.janaushadhi.gov.in/product-portfolio/product-mrp-list","2026-08-11"
126,"1154","Diethylcarbamazine Citrate Tablets IP 100mg","Parasitic worm infection","Anthelmintic","30's",17,"Official PMBJP maximum retail price for the stated pack","https://www.janaushadhi.gov.in/product-portfolio/product-mrp-list","2026-08-11"
127,"2657","Acyclovir Dispersible Tablets IP 200 mg","Selected viral infection; diagnosis required","Anti-Viral","5's",14.06,"Official PMBJP maximum retail price for the stated pack","https://www.janaushadhi.gov.in/product-portfolio/product-mrp-list","2026-08-11"
128,"209","Ondansetron Tablets IP 4 mg","Nausea and vomiting","Anti-Emetic","10's",6.81,"Official PMBJP maximum retail price for the stated pack","https://www.janaushadhi.gov.in/product-portfolio/product-mrp-list","2026-08-11"
129,"2529","Deferasirox Dispersible Tablets 400mg","Iron overload; specialist use","Iron-Chelating Agents","10's",90.94,"Official PMBJP maximum retail price for the stated pack","https://www.janaushadhi.gov.in/product-portfolio/product-mrp-list","2026-08-11"
130,"2732","Rivaroxaban Tablet 2.5 mg","Prevention or treatment of blood clots","Anticoagulant","14's",42.19,"Official PMBJP maximum retail price for the stated pack","https://www.janaushadhi.gov.in/product-portfolio/product-mrp-list","2026-08-11"
131,"301","Tranexamic Acid Tablets IP 500 mg","Excessive bleeding; cause must be assessed","Coagulants","10's",74,"Official PMBJP maximum retail price for the stated pack","https://www.janaushadhi.gov.in/product-portfolio/product-mrp-list","2026-08-11"
132,"1598","Pancreatin 170 mg (containing 15000 units of Amylase activity, 4000 units of Lipase activity, 15000 units of Protease activity) and Sodium Tauroglycocholate 65mg Digestive Enzyme Tablets","Digestive enzyme deficiency or support","Enzyme Preparation","10's",70.31,"Official PMBJP maximum retail price for the stated pack","https://www.janaushadhi.gov.in/product-portfolio/product-mrp-list","2026-08-11"
133,"430","Amiodarone Tablets IP 200 mg","Abnormal heart rhythm / angina","Cardiovascular System (CVS)","10's",55.31,"Official PMBJP maximum retail price for the stated pack","https://www.janaushadhi.gov.in/product-portfolio/product-mrp-list","2026-08-11"
134,"1901","Alprazolam 0.5mg and Sertraline Hydrochloride 25mg Tablets","Depression and/or anxiety disorder","Central Nervous System (CNS)","10's",23.44,"Official PMBJP maximum retail price for the stated pack","https://www.janaushadhi.gov.in/product-portfolio/product-mrp-list","2026-08-11"
135,"1479","Canagliflozin Tablets 100 mg","Diabetes mellitus","Anti-Diabetic","10's",174.38,"Official PMBJP maximum retail price for the stated pack","https://www.janaushadhi.gov.in/product-portfolio/product-mrp-list","2026-08-11"
136,"1495","Aceclofenac 100mg, Paracetamol 325mg and Tizanidine 2mg Tablets","Pain and fever","Analgesic/Antipyretic/Anti-Inflammatory","10's",18.75,"Official PMBJP maximum retail price for the stated pack","https://www.janaushadhi.gov.in/product-portfolio/product-mrp-list","2026-08-11"
137,"42","Amoxycillin Trihydrate Dispersible Tablets IP 125 mg","Susceptible bacterial infection","Antibiotics","10's",11.25,"Official PMBJP maximum retail price for the stated pack","https://www.janaushadhi.gov.in/product-portfolio/product-mrp-list","2026-08-11"
138,"1571","Clidinium Bromide 2.5mg, Chlordiazepoxide 5mg and Dicyclomine Hydrochloride 10mg Tablets","Abdominal cramps / irritable bowel symptoms","Gastrointestinal (GIT)","10's",13.13,"Official PMBJP maximum retail price for the stated pack","https://www.janaushadhi.gov.in/product-portfolio/product-mrp-list","2026-08-11"
139,"589","Calcium 500mg and Calcitriol 0.25mcg Tablets","Vitamin D or calcium deficiency / bone health","Supplement/Vitamin/Mineral","15's",16.88,"Official PMBJP maximum retail price for the stated pack","https://www.janaushadhi.gov.in/product-portfolio/product-mrp-list","2026-08-11"
140,"1858","Darifenacin Prolonged Release Tablets IP 7.5mg","Urinary or prostate condition; exact use varies","Urology","10's",89.06,"Official PMBJP maximum retail price for the stated pack","https://www.janaushadhi.gov.in/product-portfolio/product-mrp-list","2026-08-11"
141,"2666","Cabozantinib Tablets 60 mg","Cancer treatment; specialist use","Oncology","30's bottle",3562.5,"Official PMBJP maximum retail price for the stated pack","https://www.janaushadhi.gov.in/product-portfolio/product-mrp-list","2026-08-11"
142,"539","Acetylcysteine Tablets 600 mg","Respiratory condition; exact use varies","Respiratory","10's",30,"Official PMBJP maximum retail price for the stated pack","https://www.janaushadhi.gov.in/product-portfolio/product-mrp-list","2026-08-11"
143,"2255","Colchicine Tablets 0.5mg","Gout / high uric acid","Ortho","10's",9.38,"Official PMBJP maximum retail price for the stated pack","https://www.janaushadhi.gov.in/product-portfolio/product-mrp-list","2026-08-11"
144,"474","Doxylamine Succinate 10mg and Pyridoxine Hydrochloride 10mg Tablets","Women's health condition; exact use varies","Gynaecology","30's",21.56,"Official PMBJP maximum retail price for the stated pack","https://www.janaushadhi.gov.in/product-portfolio/product-mrp-list","2026-08-11"
145,"1593","Desloratadine 5mg and Montelukast 10mg Tablets","Asthma or obstructive airway symptoms","Anti-Histaminic","10's",23.44,"Official PMBJP maximum retail price for the stated pack","https://www.janaushadhi.gov.in/product-portfolio/product-mrp-list","2026-08-11"
146,"2749","Spironolactone Tablets IP 100mg","Heart failure; specialist-directed use","Diuretic","15's",79.69,"Official PMBJP maximum retail price for the stated pack","https://www.janaushadhi.gov.in/product-portfolio/product-mrp-list","2026-08-11"
147,"1850","Thyroxine Sodium Tablets IP 12.5mcg","Underactive thyroid (hypothyroidism)","Anti-Thyroid","100's Bottle",60.94,"Official PMBJP maximum retail price for the stated pack","https://www.janaushadhi.gov.in/product-portfolio/product-mrp-list","2026-08-11"
148,"509","Hydroxychloroquine Tablets IP 200 mg","Malaria; regimen depends on species and region","Anti-Malarial","10's",34.18,"Official PMBJP maximum retail price for the stated pack","https://www.janaushadhi.gov.in/product-portfolio/product-mrp-list","2026-08-11"
149,"2348","S-Adenosyl L- Methionine 400mg Tablets","Selected liver condition","Hepato-Protective","10's",234.38,"Official PMBJP maximum retail price for the stated pack","https://www.janaushadhi.gov.in/product-portfolio/product-mrp-list","2026-08-11"
150,"1608","Efavirenz 600mg, Emtricitabine 200mg and Tenofovir Disoproxil Fumarate 300mg Tablets IP","HIV infection; combination regimen only","Anti-Retroviral","30's",1031.25,"Official PMBJP maximum retail price for the stated pack","https://www.janaushadhi.gov.in/product-portfolio/product-mrp-list","2026-08-11"
151,"2116","Methylprednisolone Tablets IP 16mg","Inflammatory or immune condition; short specialist course","Steroids & Hormones","10's",37.5,"Official PMBJP maximum retail price for the stated pack","https://www.janaushadhi.gov.in/product-portfolio/product-mrp-list","2026-08-11"
152,"392","Griseofulvin Tablets IP 250 mg","Fungal infection","Anti-Fungal","10's",15,"Official PMBJP maximum retail price for the stated pack","https://www.janaushadhi.gov.in/product-portfolio/product-mrp-list","2026-08-11"
153,"2686","Everolimus Tablets 5 mg","Transplant or autoimmune condition; specialist use","Immunosuppressant","10's",3600,"Official PMBJP maximum retail price for the stated pack","https://www.janaushadhi.gov.in/product-portfolio/product-mrp-list","2026-08-11"
154,"386","Diethylcarbamazine Tablets IP 50 mg","Parasitic worm infection","Anthelmintic","30's",9,"Official PMBJP maximum retail price for the stated pack","https://www.janaushadhi.gov.in/product-portfolio/product-mrp-list","2026-08-11"
155,"2694","Inosine Pranobex Tablets 500 mg","Selected viral infection","Anti-Viral","10's",271.88,"Official PMBJP maximum retail price for the stated pack","https://www.janaushadhi.gov.in/product-portfolio/product-mrp-list","2026-08-11"
156,"485","Promethazine Tablets IP 25 mg","Nausea and vomiting","Anti-Emetic","10's",6.56,"Official PMBJP maximum retail price for the stated pack","https://www.janaushadhi.gov.in/product-portfolio/product-mrp-list","2026-08-11"
157,"2530","Deferasirox Dispersible Tablets 500mg","Iron overload; specialist use","Iron-Chelating Agents","30's",112.5,"Official PMBJP maximum retail price for the stated pack","https://www.janaushadhi.gov.in/product-portfolio/product-mrp-list","2026-08-11"
158,"2227","Amlodipine 5 mg, Losartan Potassium 50 mg & Hydrochlorothiazide 12.5 mg Tablets","High blood pressure (hypertension)","Cardiovascular System (CVS)","10's",23.44,"Official PMBJP maximum retail price for the stated pack","https://www.janaushadhi.gov.in/product-portfolio/product-mrp-list","2026-08-11"
159,"1902","Alprazolam 0.5mg and Sertraline Hydrochloride 50mg Tablets","Depression and/or anxiety disorder","Central Nervous System (CNS)","10's",32.81,"Official PMBJP maximum retail price for the stated pack","https://www.janaushadhi.gov.in/product-portfolio/product-mrp-list","2026-08-11"
160,"2099","Dapagliflozin 10mg and Metformin Hydrochloride (Extended Release) 1000mg Tablets","Type 2 diabetes","Anti-Diabetic","10's",51.56,"Official PMBJP maximum retail price for the stated pack","https://www.janaushadhi.gov.in/product-portfolio/product-mrp-list","2026-08-11"
161,"1996","Aceclofenac 100Mg, Paracetamol 325Mg And Trypsin-Chymotrypsin 150000Au Tablets","Pain and fever","Analgesic/Antipyretic/Anti-Inflammatory","10's",37.5,"Official PMBJP maximum retail price for the stated pack","https://www.janaushadhi.gov.in/product-portfolio/product-mrp-list","2026-08-11"
162,"48","Azithromycin Dispersible Tablets 100mg","Susceptible bacterial infection (site varies)","Antibiotics","10's",25.31,"Official PMBJP maximum retail price for the stated pack","https://www.janaushadhi.gov.in/product-portfolio/product-mrp-list","2026-08-11"
163,"2097","Combipack of Clarithromycin 500mg Tablets IP, Esomeprazole 40mg Tablets IP (Gastro resistant) and Amoxycillin 750mg Tablets IP","Susceptible bacterial infection (site varies)","Gastrointestinal (GIT)","Combipack of 6 Tablets in Mono Carton",79.69,"Official PMBJP maximum retail price for the stated pack","https://www.janaushadhi.gov.in/product-portfolio/product-mrp-list","2026-08-11"
164,"220","Calcium 500mg and Vitamin D3 250IU Tablets IP","Vitamin D or calcium deficiency / bone health","Supplement/Vitamin/Mineral","10's",7.94,"Official PMBJP maximum retail price for the stated pack","https://www.janaushadhi.gov.in/product-portfolio/product-mrp-list","2026-08-11"
165,"2303","Deflazacort 30mg and Tamsulosin 0.4mg Tablets","Inflammatory or immune condition; short specialist course","Urology","10's",187.5,"Official PMBJP maximum retail price for the stated pack","https://www.janaushadhi.gov.in/product-portfolio/product-mrp-list","2026-08-11"
166,"1435","Capecitabine Tablets IP 500mg","Cancer treatment; type and regimen are specialist-defined","Oncology","10's",234.38,"Official PMBJP maximum retail price for the stated pack","https://www.janaushadhi.gov.in/product-portfolio/product-mrp-list","2026-08-11"
167,"2222","Allopurinol Tablets IP 300 mg","Gout / high uric acid","Respiratory","10's",28.13,"Official PMBJP maximum retail price for the stated pack","https://www.janaushadhi.gov.in/product-portfolio/product-mrp-list","2026-08-11"
168,"1135","Diacerein 50mg and Glucosamine Sulphate 750mg Tablets","Bone, joint or muscle condition","Ortho","10's",46.88,"Official PMBJP maximum retail price for the stated pack","https://www.janaushadhi.gov.in/product-portfolio/product-mrp-list","2026-08-11"
169,"1157","Doxylamine Succinate 20mg and Pyridoxine Hydrochloride 20mg Tablets","Women's health condition; exact use varies","Gynaecology","10's",14.06,"Official PMBJP maximum retail price for the stated pack","https://www.janaushadhi.gov.in/product-portfolio/product-mrp-list","2026-08-11"
170,"2679","Desloratadine Tablets 10 mg","Allergic rhinitis or hives","Anti-Histaminic","10's",23.44,"Official PMBJP maximum retail price for the stated pack","https://www.janaushadhi.gov.in/product-portfolio/product-mrp-list","2026-08-11"
171,"449","Spironolactone Tablets IP 25 mg","Heart failure; specialist-directed use","Diuretic","15's",20.63,"Official PMBJP maximum retail price for the stated pack","https://www.janaushadhi.gov.in/product-portfolio/product-mrp-list","2026-08-11"
172,"1853","Thyroxine Sodium Tablets IP 125mcg","Underactive thyroid (hypothyroidism)","Anti-Thyroid","100's Bottle",71.25,"Official PMBJP maximum retail price for the stated pack","https://www.janaushadhi.gov.in/product-portfolio/product-mrp-list","2026-08-11"
173,"956","Mefloquine Hydrochloride Tablets IP 250mg","Malaria; regimen depends on species and region","Anti-Malarial","4's",106.88,"Official PMBJP maximum retail price for the stated pack","https://www.janaushadhi.gov.in/product-portfolio/product-mrp-list","2026-08-11"
174,"2347","S-Adenosyl L-Methionine 200mg Tablets","Selected liver condition","Hepato-Protective","10's",112.5,"Official PMBJP maximum retail price for the stated pack","https://www.janaushadhi.gov.in/product-portfolio/product-mrp-list","2026-08-11"
175,"882","Efavirenz Tablets IP 600mg","HIV infection; combination regimen only","Anti-Retroviral","30's",510,"Official PMBJP maximum retail price for the stated pack","https://www.janaushadhi.gov.in/product-portfolio/product-mrp-list","2026-08-11"
176,"1348","Methylprednisolone Tablets IP 4mg","Inflammatory or immune condition; short specialist course","Steroids & Hormones","10's",17.02,"Official PMBJP maximum retail price for the stated pack","https://www.janaushadhi.gov.in/product-portfolio/product-mrp-list","2026-08-11"
177,"400","Ketoconazole Tablets IP 200 mg","Fungal infection","Anti-Fungal","10's",26.25,"Official PMBJP maximum retail price for the stated pack","https://www.janaushadhi.gov.in/product-portfolio/product-mrp-list","2026-08-11"
178,"972","Mycophenolate Mofetil Tablets IP 500mg","Transplant or autoimmune condition; specialist use","Immunosuppressant","10's",180,"Official PMBJP maximum retail price for the stated pack","https://www.janaushadhi.gov.in/product-portfolio/product-mrp-list","2026-08-11"
179,"407","Ivermectin Dispersible Tablets 12 mg","Parasitic worm infection","Anthelmintic","10's",21.66,"Official PMBJP maximum retail price for the stated pack","https://www.janaushadhi.gov.in/product-portfolio/product-mrp-list","2026-08-11"
180,"1834","Valacyclovir Tablets 1000mg","Selected viral infection; diagnosis required","Anti-Viral","3's",103.13,"Official PMBJP maximum retail price for the stated pack","https://www.janaushadhi.gov.in/product-portfolio/product-mrp-list","2026-08-11"
181,"263","Amlodipine 5mg and Atenolol 50mg Tablets IP","High blood pressure (hypertension)","Cardiovascular System (CVS)","10's",7.22,"Official PMBJP maximum retail price for the stated pack","https://www.janaushadhi.gov.in/product-portfolio/product-mrp-list","2026-08-11"
182,"313","Alprazolam Tablets IP 0.25 mg","Anxiety or seizure-related use; dependence risk","Central Nervous System (CNS)","10's",4.54,"Official PMBJP maximum retail price for the stated pack","https://www.janaushadhi.gov.in/product-portfolio/product-mrp-list","2026-08-11"
183,"2100","Dapagliflozin 10mg and Metformin Hydrochloride (Extended Release) 500mg Tablets","Type 2 diabetes","Anti-Diabetic","10's",52.59,"Official PMBJP maximum retail price for the stated pack","https://www.janaushadhi.gov.in/product-portfolio/product-mrp-list","2026-08-11"
184,"516","Aceclofenac Sustained Release Tablets 200mg","Pain and inflammatory conditions","Analgesic/Antipyretic/Anti-Inflammatory","10's",18.75,"Official PMBJP maximum retail price for the stated pack","https://www.janaushadhi.gov.in/product-portfolio/product-mrp-list","2026-08-11"
185,"18","Azithromycin Tablets IP 250 mg","Susceptible bacterial infection (site varies)","Antibiotics","6's",42.19,"Official PMBJP maximum retail price for the stated pack","https://www.janaushadhi.gov.in/product-portfolio/product-mrp-list","2026-08-11"
186,"583","Cyproheptadine Tablets IP 4 mg","Digestive-system condition; exact use varies","Gastrointestinal (GIT)","10's",3.75,"Official PMBJP maximum retail price for the stated pack","https://www.janaushadhi.gov.in/product-portfolio/product-mrp-list","2026-08-11"
187,"2003","Calcium 500mg and Vitamin D3 500IU Tablets IP","Vitamin D or calcium deficiency / bone health","Supplement/Vitamin/Mineral","10's",8.25,"Official PMBJP maximum retail price for the stated pack","https://www.janaushadhi.gov.in/product-portfolio/product-mrp-list","2026-08-11"
188,"1861","Finasteride Tablets IP 1mg","Enlarged prostate urinary symptoms","Urology","10's",14.06,"Official PMBJP maximum retail price for the stated pack","https://www.janaushadhi.gov.in/product-portfolio/product-mrp-list","2026-08-11"
189,"2302","Dasatinib 50mg Tablets","Cancer treatment; specialist use","Oncology","60's Bottle",1031.25,"Official PMBJP maximum retail price for the stated pack","https://www.janaushadhi.gov.in/product-portfolio/product-mrp-list","2026-08-11"
190,"2509","Bilastine 10mg and Montelukast 4mg Orodispersible Tablets","Asthma or obstructive airway symptoms","Respiratory","10's",35.63,"Official PMBJP maximum retail price for the stated pack","https://www.janaushadhi.gov.in/product-portfolio/product-mrp-list","2026-08-11"
191,"888","Febuxostat Tablets 40mg","Gout / high uric acid","Ortho","10's",20.63,"Official PMBJP maximum retail price for the stated pack","https://www.janaushadhi.gov.in/product-portfolio/product-mrp-list","2026-08-11"
192,"496","Dydrogesterone Tablets IP 10 mg","Women's health condition; exact use varies","Gynaecology","10's",328.13,"Official PMBJP maximum retail price for the stated pack","https://www.janaushadhi.gov.in/product-portfolio/product-mrp-list","2026-08-11"
193,"2102","Desloratadine Tablets 5mg","Allergic rhinitis or hives","Anti-Histaminic","10's",14.06,"Official PMBJP maximum retail price for the stated pack","https://www.janaushadhi.gov.in/product-portfolio/product-mrp-list","2026-08-11"
194,"2748","Spironolactone Tablets IP 50 mg","Heart failure; specialist-directed use","Diuretic","15's",34.22,"Official PMBJP maximum retail price for the stated pack","https://www.janaushadhi.gov.in/product-portfolio/product-mrp-list","2026-08-11"
195,"2480","Thyroxine Sodium Tablets IP 150mcg","Underactive thyroid (hypothyroidism)","Anti-Thyroid","120's in Bottle",93.75,"Official PMBJP maximum retail price for the stated pack","https://www.janaushadhi.gov.in/product-portfolio/product-mrp-list","2026-08-11"
196,"1894","Primaquine Phosphate Tablets IP 2.5 mg","Malaria; regimen depends on species and region","Anti-Malarial","10's",9.38,"Official PMBJP maximum retail price for the stated pack","https://www.janaushadhi.gov.in/product-portfolio/product-mrp-list","2026-08-11"
197,"2009","Silymarin Tablet 140 mg","Selected liver or gallbladder disorders","Hepato-Protective","10's",28.13,"Official PMBJP maximum retail price for the stated pack","https://www.janaushadhi.gov.in/product-portfolio/product-mrp-list","2026-08-11"
198,"1611","Emtricitabine 200mg and Tenofovir Disoproxil Fumarate 300mg Tablets IP","HIV infection; combination regimen only","Anti-Retroviral","30's",984.38,"Official PMBJP maximum retail price for the stated pack","https://www.janaushadhi.gov.in/product-portfolio/product-mrp-list","2026-08-11"
199,"330","Prednisolone Tablets IP 10 mg","Inflammatory or immune condition; short specialist course","Steroids & Hormones","10's",8.44,"Official PMBJP maximum retail price for the stated pack","https://www.janaushadhi.gov.in/product-portfolio/product-mrp-list","2026-08-11"
200,"387","Terbinafine Tablets IP 250mg","Fungal infection","Anti-Fungal","7's",42.28,"Official PMBJP maximum retail price for the stated pack","https://www.janaushadhi.gov.in/product-portfolio/product-mrp-list","2026-08-11"
201,"2122","Mycophenolate Sodium Gastro-resistant Tablets 360mg","Transplant or autoimmune condition; specialist use","Immunosuppressant","10's",145,"Official PMBJP maximum retail price for the stated pack","https://www.janaushadhi.gov.in/product-portfolio/product-mrp-list","2026-08-11"
202,"1341","Mebendazole Tablets IP 100 mg","Parasitic worm infection","Anthelmintic","6's",8.44,"Official PMBJP maximum retail price for the stated pack","https://www.janaushadhi.gov.in/product-portfolio/product-mrp-list","2026-08-11"
203,"2356","Valacyclovir Tablets 500mg","Selected viral infection; diagnosis required","Anti-Viral","3's in Mono Carton",46.88,"Official PMBJP maximum retail price for the stated pack","https://www.janaushadhi.gov.in/product-portfolio/product-mrp-list","2026-08-11"
204,"446","Amlodipine 5mg and Hydrochlorothiazide 12.5mg Tablets","High blood pressure (hypertension)","Cardiovascular System (CVS)","10's",17.02,"Official PMBJP maximum retail price for the stated pack","https://www.janaushadhi.gov.in/product-portfolio/product-mrp-list","2026-08-11"
205,"314","Alprazolam Tablets IP 0.5 mg","Anxiety or seizure-related use; dependence risk","Central Nervous System (CNS)","10's",7.94,"Official PMBJP maximum retail price for the stated pack","https://www.janaushadhi.gov.in/product-portfolio/product-mrp-list","2026-08-11"
206,"2273","Dapagliflozin 10mg and Sitagliptin 100mg Tablets","Type 2 diabetes","Anti-Diabetic","10's",65.63,"Official PMBJP maximum retail price for the stated pack","https://www.janaushadhi.gov.in/product-portfolio/product-mrp-list","2026-08-11"
207,"2","Aceclofenac Tablets IP 100 mg","Pain and inflammatory conditions","Analgesic/Antipyretic/Anti-Inflammatory","10's",8.25,"Official PMBJP maximum retail price for the stated pack","https://www.janaushadhi.gov.in/product-portfolio/product-mrp-list","2026-08-11"
208,"72","Azithromycin Tablets IP 500 mg","Susceptible bacterial infection (site varies)","Antibiotics","3's",39.38,"Official PMBJP maximum retail price for the stated pack","https://www.janaushadhi.gov.in/product-portfolio/product-mrp-list","2026-08-11"
209,"183","Dicyclomine Tablets IP 10mg","Abdominal cramps / irritable bowel symptoms","Gastrointestinal (GIT)","10's",0.94,"Official PMBJP maximum retail price for the stated pack","https://www.janaushadhi.gov.in/product-portfolio/product-mrp-list","2026-08-11"
210,"816","Calcium Acetate Tablets 667mg","Vitamin D or calcium deficiency / bone health","Supplement/Vitamin/Mineral","10's",26.25,"Official PMBJP maximum retail price for the stated pack","https://www.janaushadhi.gov.in/product-portfolio/product-mrp-list","2026-08-11"
211,"680","Finasteride Tablets IP 5mg","Enlarged prostate urinary symptoms","Urology","10's",41.25,"Official PMBJP maximum retail price for the stated pack","https://www.janaushadhi.gov.in/product-portfolio/product-mrp-list","2026-08-11"
212,"2411","Dasatinib Tablets 20mg","Cancer treatment; specialist use","Oncology","60's Bottle in Monopack",1204.69,"Official PMBJP maximum retail price for the stated pack","https://www.janaushadhi.gov.in/product-portfolio/product-mrp-list","2026-08-11"
213,"2156","Bilastine 20mg Montelukast 10mg Tablets","Asthma or obstructive airway symptoms","Respiratory","10's",46.88,"Official PMBJP maximum retail price for the stated pack","https://www.janaushadhi.gov.in/product-portfolio/product-mrp-list","2026-08-11"
214,"889","Febuxostat Tablets 80mg","Gout / high uric acid","Ortho","10's",35.07,"Official PMBJP maximum retail price for the stated pack","https://www.janaushadhi.gov.in/product-portfolio/product-mrp-list","2026-08-11"
215,"2147","Estradiol Tablets 2mg","Women's health condition; exact use varies","Gynaecology","28's",103.13,"Official PMBJP maximum retail price for the stated pack","https://www.janaushadhi.gov.in/product-portfolio/product-mrp-list","2026-08-11"
216,"881","Ebastine Tablets IP 10mg","Allergy symptoms","Anti-Histaminic","10's",18.75,"Official PMBJP maximum retail price for the stated pack","https://www.janaushadhi.gov.in/product-portfolio/product-mrp-list","2026-08-11"
217,"1824","Tolvaptan Tablets 15mg","Fluid retention and/or hypertension","Diuretic","10's",196.88,"Official PMBJP maximum retail price for the stated pack","https://www.janaushadhi.gov.in/product-portfolio/product-mrp-list","2026-08-11"
218,"1851","Thyroxine Sodium Tablets IP 25mcg","Underactive thyroid (hypothyroidism)","Anti-Thyroid","100's Bottle",42.19,"Official PMBJP maximum retail price for the stated pack","https://www.janaushadhi.gov.in/product-portfolio/product-mrp-list","2026-08-11"
219,"1893","Primaquine Phosphate Tablets IP 7.5 mg","Malaria; regimen depends on species and region","Anti-Malarial","10's",12.19,"Official PMBJP maximum retail price for the stated pack","https://www.janaushadhi.gov.in/product-portfolio/product-mrp-list","2026-08-11"
220,"1062","Sofosbuvir Tablets IP 400mg","Selected liver condition","Hepato-Protective","28's in a bottle",4125,"Official PMBJP maximum retail price for the stated pack","https://www.janaushadhi.gov.in/product-portfolio/product-mrp-list","2026-08-11"
221,"2065","Lopinavir and Ritonavir Tablets IP (200mg + 50mg)","HIV infection; combination regimen only","Anti-Retroviral","60's in Bottle",890.63,"Official PMBJP maximum retail price for the stated pack","https://www.janaushadhi.gov.in/product-portfolio/product-mrp-list","2026-08-11"
222,"329","Prednisolone Tablets IP 5 mg","Inflammatory or immune condition; short specialist course","Steroids & Hormones","15's",7.5,"Official PMBJP maximum retail price for the stated pack","https://www.janaushadhi.gov.in/product-portfolio/product-mrp-list","2026-08-11"
223,"2034","Voriconazole Tablets IP 200mg","Fungal infection","Anti-Fungal","4's",328.13,"Official PMBJP maximum retail price for the stated pack","https://www.janaushadhi.gov.in/product-portfolio/product-mrp-list","2026-08-11"
224,"2631","Sirolimus Tablets 1mg","Transplant or autoimmune condition; specialist use","Immunosuppressant","10's",187.5,"Official PMBJP maximum retail price for the stated pack","https://www.janaushadhi.gov.in/product-portfolio/product-mrp-list","2026-08-11"
225,"285","Amlodipine 5mg and Lisinopril 5mg Tablets IP","High blood pressure (hypertension)","Cardiovascular System (CVS)","15's",15,"Official PMBJP maximum retail price for the stated pack","https://www.janaushadhi.gov.in/product-portfolio/product-mrp-list","2026-08-11"
226,"1903","Amisulpride Tablets IP 100 mg","Neurological or mental-health condition; exact use varies","Central Nervous System (CNS)","10's",37.5,"Official PMBJP maximum retail price for the stated pack","https://www.janaushadhi.gov.in/product-portfolio/product-mrp-list","2026-08-11"
227,"2521","Dapagliflozin 10mg and Sitagliptin 50mg Tablets","Type 2 diabetes","Anti-Diabetic","10's",28.13,"Official PMBJP maximum retail price for the stated pack","https://www.janaushadhi.gov.in/product-portfolio/product-mrp-list","2026-08-11"
228,"5","Aspirin Gastro-resistant Tablets IP 150 mg","Prevention of blood clots, heart attack or stroke","Analgesic/Antipyretic/Anti-Inflammatory","14's",5.16,"Official PMBJP maximum retail price for the stated pack","https://www.janaushadhi.gov.in/product-portfolio/product-mrp-list","2026-08-11"
229,"1241","Cefaclor Dispersible Tablets 250 mg","Susceptible bacterial infection","Antibiotics","10's",168.75,"Official PMBJP maximum retail price for the stated pack","https://www.janaushadhi.gov.in/product-portfolio/product-mrp-list","2026-08-11"
230,"1601","Diphenoxylate Hydrochloride 2.5mg and Atropine sulphate 0.025mg Tablet","Digestive-system condition; exact use varies","Gastrointestinal (GIT)","10's",5.63,"Official PMBJP maximum retail price for the stated pack","https://www.janaushadhi.gov.in/product-portfolio/product-mrp-list","2026-08-11"
231,"2512","Calcium aspartate (500mg), Calcium Orotate (500mg), Calcitriol (0.25mcg), Minerals and Vitamins Tablets","Vitamin D or calcium deficiency / bone health","Supplement/Vitamin/Mineral","10's",56.25,"Official PMBJP maximum retail price for the stated pack","https://www.janaushadhi.gov.in/product-portfolio/product-mrp-list","2026-08-11"
232,"1312","Flavoxate Tablets IP 200 mg","Urinary or prostate condition; exact use varies","Urology","15's",56.25,"Official PMBJP maximum retail price for the stated pack","https://www.janaushadhi.gov.in/product-portfolio/product-mrp-list","2026-08-11"
233,"2412","Dasatinib Tablets 50mg","Cancer treatment; specialist use","Oncology","60's Bottle in Monopack",2217.19,"Official PMBJP maximum retail price for the stated pack","https://www.janaushadhi.gov.in/product-portfolio/product-mrp-list","2026-08-11"
234,"625","Bromhexine Hydrochloride 8mg and Phenylephrine Hydrochloride 5mg Tablets","Respiratory condition; exact use varies","Respiratory","15's",11.25,"Official PMBJP maximum retail price for the stated pack","https://www.janaushadhi.gov.in/product-portfolio/product-mrp-list","2026-08-11"
235,"671","Glucosamine 500mg and Diacerein 50mg Tablets","Bone, joint or muscle condition","Ortho","10's",51.56,"Official PMBJP maximum retail price for the stated pack","https://www.janaushadhi.gov.in/product-portfolio/product-mrp-list","2026-08-11"
236,"2002","Ethinylestradiol 0.035 Mg And Cyproterone 2 Mg Tablet","Menstrual or contraceptive care; clinician selection","Gynaecology","21's Monopack",90,"Official PMBJP maximum retail price for the stated pack","https://www.janaushadhi.gov.in/product-portfolio/product-mrp-list","2026-08-11"
237,"246","Fexofenadine Hydrochloride Tablets IP 120mg","Allergic rhinitis or hives","Anti-Histaminic","10's",24.75,"Official PMBJP maximum retail price for the stated pack","https://www.janaushadhi.gov.in/product-portfolio/product-mrp-list","2026-08-11"
238,"422","Torasemide Tablets IP 10mg","Fluid retention and/or hypertension","Diuretic","15's",17.53,"Official PMBJP maximum retail price for the stated pack","https://www.janaushadhi.gov.in/product-portfolio/product-mrp-list","2026-08-11"
239,"1221","Thyroxine Sodium Tablets IP 50mcg","Underactive thyroid (hypothyroidism)","Anti-Thyroid","100's in Bottle",55.65,"Official PMBJP maximum retail price for the stated pack","https://www.janaushadhi.gov.in/product-portfolio/product-mrp-list","2026-08-11"
240,"375","Quinine Sulphate Tablets IP 300 mg","Malaria","Anti-Malarial","10's",31,"Official PMBJP maximum retail price for the stated pack","https://www.janaushadhi.gov.in/product-portfolio/product-mrp-list","2026-08-11"
241,"1833","Ursodeoxycholic Acid Tablets IP 150mg","Selected liver or gallbladder disorders","Hepato-Protective","15's",100,"Official PMBJP maximum retail price for the stated pack","https://www.janaushadhi.gov.in/product-portfolio/product-mrp-list","2026-08-11"
242,"1076","Tenofovir Disoproxil Fumarate Tablets IP 300 mg","HIV infection; combination regimen only","Anti-Retroviral","10's",183.75,"Official PMBJP maximum retail price for the stated pack","https://www.janaushadhi.gov.in/product-portfolio/product-mrp-list","2026-08-11"
243,"1227","Triamcinolone Tablets IP 4mg","Hormonal or inflammatory condition","Steroids & Hormones","10's",32.81,"Official PMBJP maximum retail price for the stated pack","https://www.janaushadhi.gov.in/product-portfolio/product-mrp-list","2026-08-11"
244,"2228","Amlodipine 5mg and Perindopril 4mg Tablets","High blood pressure (hypertension)","Cardiovascular System (CVS)","10's",28.13,"Official PMBJP maximum retail price for the stated pack","https://www.janaushadhi.gov.in/product-portfolio/product-mrp-list","2026-08-11"
245,"1904","Amisulpride Tablets IP 200 mg","Neurological or mental-health condition; exact use varies","Central Nervous System (CNS)","10's",65.63,"Official PMBJP maximum retail price for the stated pack","https://www.janaushadhi.gov.in/product-portfolio/product-mrp-list","2026-08-11"
246,"2409","Dapagliflozin 10mg+ Vildagliptin (Sustained release)100mg Tablets","Type 2 diabetes","Anti-Diabetic","10's",56.25,"Official PMBJP maximum retail price for the stated pack","https://www.janaushadhi.gov.in/product-portfolio/product-mrp-list","2026-08-11"
247,"2290","Baclofen 20mg Extended Release (Gastric Retentive System) Tablets","Pain, fever or inflammation","Analgesic/Antipyretic/Anti-Inflammatory","10's",30,"Official PMBJP maximum retail price for the stated pack","https://www.janaushadhi.gov.in/product-portfolio/product-mrp-list","2026-08-11"
248,"51","Cefadroxil Dispersible Tablets 250mg","Susceptible bacterial infection","Antibiotics","10's",17.53,"Official PMBJP maximum retail price for the stated pack","https://www.janaushadhi.gov.in/product-portfolio/product-mrp-list","2026-08-11"
249,"188","Dried Aluminium Hydroxide 250mg, Magnesium Hydroxide 250mg and Activated Dimethicone 50mg Tablets","Digestive-system condition; exact use varies","Gastrointestinal (GIT)","10's",6.19,"Official PMBJP maximum retail price for the stated pack","https://www.janaushadhi.gov.in/product-portfolio/product-mrp-list","2026-08-11"
250,"817","Calcium Carbonate 1250mg, Vitamin D3 250IU, Magnesium Oxide 40mg, Manganese Sulphate 1.8mg and Zinc 7.5mg Tablets","Vitamin D or calcium deficiency / bone health","Supplement/Vitamin/Mineral","10's",14.75,"Official PMBJP maximum retail price for the stated pack","https://www.janaushadhi.gov.in/product-portfolio/product-mrp-list","2026-08-11"
251,"1862","Mirabegron Extended-release Tablets 25 mg","Overactive bladder","Urology","10's",93.75,"Official PMBJP maximum retail price for the stated pack","https://www.janaushadhi.gov.in/product-portfolio/product-mrp-list","2026-08-11"
252,"2413","Dasatinib Tablets 70mg","Cancer treatment; specialist use","Oncology","60's Bottle in Monopack",2811.56,"Official PMBJP maximum retail price for the stated pack","https://www.janaushadhi.gov.in/product-portfolio/product-mrp-list","2026-08-11"
253,"2400","Caffeine (30mg) + Diphenhydramine (25mg) + Paracetamol (500mg) + Phenylephrine (5mg) Tablets","Pain and fever","Respiratory","10's",9.38,"Official PMBJP maximum retail price for the stated pack","https://www.janaushadhi.gov.in/product-portfolio/product-mrp-list","2026-08-11"
254,"670","Glucosamine 750mg , Diacerein 50mg and Methylsulfonylmethane 250mg Tablets","Bone, joint or muscle condition","Ortho","10's",51.05,"Official PMBJP maximum retail price for the stated pack","https://www.janaushadhi.gov.in/product-portfolio/product-mrp-list","2026-08-11"
255,"1307","Ethinylestradiol 0.03mg and Desogestrel 0.15mg Tablets","Menstrual or contraceptive care; clinician selection","Gynaecology","21's",90,"Official PMBJP maximum retail price for the stated pack","https://www.janaushadhi.gov.in/product-portfolio/product-mrp-list","2026-08-11"
256,"247","Fexofenadine Tablets IP 180 mg","Allergic rhinitis or hives","Anti-Histaminic","10's",35.06,"Official PMBJP maximum retail price for the stated pack","https://www.janaushadhi.gov.in/product-portfolio/product-mrp-list","2026-08-11"
257,"1825","Torsemide 10mg and Spironolactone 50mg Tablets","Heart failure; specialist-directed use","Diuretic","15's",33,"Official PMBJP maximum retail price for the stated pack","https://www.janaushadhi.gov.in/product-portfolio/product-mrp-list","2026-08-11"
258,"2757","Thyroxine Sodium Tablets IP 62.5mcg","Underactive thyroid (hypothyroidism)","Anti-Thyroid","100's Bottle",54.38,"Official PMBJP maximum retail price for the stated pack","https://www.janaushadhi.gov.in/product-portfolio/product-mrp-list","2026-08-11"
259,"1897","Quinine Sulphate Tablets IP 600 mg","Malaria","Anti-Malarial","10's",50,"Official PMBJP maximum retail price for the stated pack","https://www.janaushadhi.gov.in/product-portfolio/product-mrp-list","2026-08-11"
260,"466","Ursodeoxycholic Acid Tablets IP 300 mg","Selected liver or gallbladder disorders","Hepato-Protective","10's",176.66,"Official PMBJP maximum retail price for the stated pack","https://www.janaushadhi.gov.in/product-portfolio/product-mrp-list","2026-08-11"
261,"1503","Amlodipine Besilate 5mg and Bisoprolol Fumarate 5mg Tablets","High blood pressure (hypertension)","Cardiovascular System (CVS)","10's",18.56,"Official PMBJP maximum retail price for the stated pack","https://www.janaushadhi.gov.in/product-portfolio/product-mrp-list","2026-08-11"
262,"784","Amisulpride Tablets IP 50mg","Neurological or mental-health condition; exact use varies","Central Nervous System (CNS)","10's",29.06,"Official PMBJP maximum retail price for the stated pack","https://www.janaushadhi.gov.in/product-portfolio/product-mrp-list","2026-08-11"
263,"2522","Dapagliflozin 10mg, Sitagliptin 100mg and Metformin Hydrochloride (Extended Release) 1000mg Tablets","Type 2 diabetes","Anti-Diabetic","10's",70.31,"Official PMBJP maximum retail price for the stated pack","https://www.janaushadhi.gov.in/product-portfolio/product-mrp-list","2026-08-11"
264,"518","Baclofen Tablets IP 10 mg","Pain, fever or inflammation","Analgesic/Antipyretic/Anti-Inflammatory","10's",12.1,"Official PMBJP maximum retail price for the stated pack","https://www.janaushadhi.gov.in/product-portfolio/product-mrp-list","2026-08-11"
265,"52","Cefadroxil Tablets IP 500 mg","Susceptible bacterial infection","Antibiotics","10's",22.69,"Official PMBJP maximum retail price for the stated pack","https://www.janaushadhi.gov.in/product-portfolio/product-mrp-list","2026-08-11"
266,"878","Drotaverine Hydrochloride 80mg and Mefenamic Acid 250mg Tablets","Pain and inflammatory conditions","Gastrointestinal (GIT)","10's",18.75,"Official PMBJP maximum retail price for the stated pack","https://www.janaushadhi.gov.in/product-portfolio/product-mrp-list","2026-08-11"
267,"2298","Calcium Citrate 1000mg, Magnesium 100mg, Zinc 4mg and Vitamin D3 200 IU Tablets","Vitamin D or calcium deficiency / bone health","Supplement/Vitamin/Mineral","10's",14.06,"Official PMBJP maximum retail price for the stated pack","https://www.janaushadhi.gov.in/product-portfolio/product-mrp-list","2026-08-11"
268,"1863","Mirabegron Extended-release Tablets 50 mg","Overactive bladder","Urology","10's",135.94,"Official PMBJP maximum retail price for the stated pack","https://www.janaushadhi.gov.in/product-portfolio/product-mrp-list","2026-08-11"
269,"1213","Erlotinib Tablets IP 150 mg","Cancer treatment; type and regimen are specialist-defined","Oncology","10's Bottle",656.25,"Official PMBJP maximum retail price for the stated pack","https://www.janaushadhi.gov.in/product-portfolio/product-mrp-list","2026-08-11"
270,"2106","Doxofylline (Sustained-release) 400mg and Montelukast 10mg Tablets","Asthma or obstructive airway symptoms","Respiratory","10's",60.94,"Official PMBJP maximum retail price for the stated pack","https://www.janaushadhi.gov.in/product-portfolio/product-mrp-list","2026-08-11"
271,"1650","Glucosamine 750mg and Chondroitin 100mg Tablets","Bone, joint or muscle condition","Ortho","10's",173.44,"Official PMBJP maximum retail price for the stated pack","https://www.janaushadhi.gov.in/product-portfolio/product-mrp-list","2026-08-11"
272,"1308","Ethinylestradiol 0.03mg and Levonorgestrel 0.15mg Tablets IP","Menstrual or contraceptive care; clinician selection","Gynaecology","21's",35,"Official PMBJP maximum retail price for the stated pack","https://www.janaushadhi.gov.in/product-portfolio/product-mrp-list","2026-08-11"
273,"915","Hydroxyzine Hydrochloride Tablets IP 10mg","Allergy symptoms","Anti-Histaminic","10's",7.22,"Official PMBJP maximum retail price for the stated pack","https://www.janaushadhi.gov.in/product-portfolio/product-mrp-list","2026-08-11"
274,"2758","Torsemide 20 mg and Spironolactone 25 mg Tablets","Heart failure; specialist-directed use","Diuretic","15's",39.38,"Official PMBJP maximum retail price for the stated pack","https://www.janaushadhi.gov.in/product-portfolio/product-mrp-list","2026-08-11"
275,"1852","Thyroxine Sodium Tablets IP 75mcg","Underactive thyroid (hypothyroidism)","Anti-Thyroid","100's Bottle",56.25,"Official PMBJP maximum retail price for the stated pack","https://www.janaushadhi.gov.in/product-portfolio/product-mrp-list","2026-08-11"
276,"2050","Amlodipine Tablet IP 10mg","High blood pressure (hypertension)","Cardiovascular System (CVS)","10's",10.32,"Official PMBJP maximum retail price for the stated pack","https://www.janaushadhi.gov.in/product-portfolio/product-mrp-list","2026-08-11"
277,"1908","Amitriptyline Hydrochloride 25mg Chlordiazepoxide 10mg Tablets","Neurological or mental-health condition; exact use varies","Central Nervous System (CNS)","10's",9.38,"Official PMBJP maximum retail price for the stated pack","https://www.janaushadhi.gov.in/product-portfolio/product-mrp-list","2026-08-11"
278,"2523","Dapagliflozin 10mg, Sitagliptin 100mg and Metformin Hydrochloride (Extended Release) 500mg Tablets","Type 2 diabetes","Anti-Diabetic","10's",67.5,"Official PMBJP maximum retail price for the stated pack","https://www.janaushadhi.gov.in/product-portfolio/product-mrp-list","2026-08-11"
279,"1543","Camylofin Dihydrochloride 25mg and Paracetamol 300mg Tablets","Pain and fever","Analgesic/Antipyretic/Anti-Inflammatory","10's",18.75,"Official PMBJP maximum retail price for the stated pack","https://www.janaushadhi.gov.in/product-portfolio/product-mrp-list","2026-08-11"
280,"1982","Cefixime 100Mg And Clavulanic Acid 62.5 Mg Tablets","Susceptible bacterial infection (site varies)","Antibiotics","10's",65.63,"Official PMBJP maximum retail price for the stated pack","https://www.janaushadhi.gov.in/product-portfolio/product-mrp-list","2026-08-11"
281,"879","Drotaverine Hydrochloride Tablets IP 40mg","Abdominal cramps / irritable bowel symptoms","Gastrointestinal (GIT)","10's",7.5,"Official PMBJP maximum retail price for the stated pack","https://www.janaushadhi.gov.in/product-portfolio/product-mrp-list","2026-08-11"
282,"2513","Calcium Citrate and Vitamin D3 Chewable Tablets","Vitamin D or calcium deficiency / bone health","Supplement/Vitamin/Mineral","30's in container",32.81,"Official PMBJP maximum retail price for the stated pack","https://www.janaushadhi.gov.in/product-portfolio/product-mrp-list","2026-08-11"
283,"679","Nalidixic Acid Tablets IP 500 mg","Urinary or prostate condition; exact use varies","Urology","10's",15.94,"Official PMBJP maximum retail price for the stated pack","https://www.janaushadhi.gov.in/product-portfolio/product-mrp-list","2026-08-11"
284,"1214","Gefitinib Tablets IP 250 mg","Cancer treatment; type and regimen are specialist-defined","Oncology","10's",412.5,"Official PMBJP maximum retail price for the stated pack","https://www.janaushadhi.gov.in/product-portfolio/product-mrp-list","2026-08-11"
285,"555","Doxofylline Tablets IP 400 mg","Asthma or obstructive airway symptoms","Respiratory","10's",17.53,"Official PMBJP maximum retail price for the stated pack","https://www.janaushadhi.gov.in/product-portfolio/product-mrp-list","2026-08-11"
286,"835","Glucosamine Sulphate 500mg and Chondroitin 400mg Tablets","Bone, joint or muscle condition","Ortho","10's",79.69,"Official PMBJP maximum retail price for the stated pack","https://www.janaushadhi.gov.in/product-portfolio/product-mrp-list","2026-08-11"
287,"885","Ethinylestradiol 0.05mg and Levonorgestrel 0.25mg Tablets IP","Menstrual or contraceptive care; clinician selection","Gynaecology","21's",30,"Official PMBJP maximum retail price for the stated pack","https://www.janaushadhi.gov.in/product-portfolio/product-mrp-list","2026-08-11"
288,"1662","Hydroxyzine Tablets IP 25mg","Allergy symptoms","Anti-Histaminic","15's",11.25,"Official PMBJP maximum retail price for the stated pack","https://www.janaushadhi.gov.in/product-portfolio/product-mrp-list","2026-08-11"
289,"2759","Torsemide 5 mg and Spironolactone 50 mg Tablets","Heart failure; specialist-directed use","Diuretic","15's",42.19,"Official PMBJP maximum retail price for the stated pack","https://www.janaushadhi.gov.in/product-portfolio/product-mrp-list","2026-08-11"
290,"2490","Amlodipine Tablets IP 2.5mg","High blood pressure (hypertension)","Cardiovascular System (CVS)","15's",3.75,"Official PMBJP maximum retail price for the stated pack","https://www.janaushadhi.gov.in/product-portfolio/product-mrp-list","2026-08-11"
291,"786","Amitriptyline Hydrochloride Tablets IP 10mg","Neurological or mental-health condition; exact use varies","Central Nervous System (CNS)","10's",6.81,"Official PMBJP maximum retail price for the stated pack","https://www.janaushadhi.gov.in/product-portfolio/product-mrp-list","2026-08-11"
292,"2677","Dapagliflozin 10mg, Vildagliptin 100mg (SR) and Metformin Hydrochloride 1000mg (SR) Tablets","Type 2 diabetes","Anti-Diabetic","15's",65.63,"Official PMBJP maximum retail price for the stated pack","https://www.janaushadhi.gov.in/product-portfolio/product-mrp-list","2026-08-11"
293,"603","Cetirizine Dihydrochloride 5mg, Phenylephrine Hydrochloride 10mg and Paracetamol 325mg Tablets","Pain and fever","Analgesic/Antipyretic/Anti-Inflammatory","10's",17.54,"Official PMBJP maximum retail price for the stated pack","https://www.janaushadhi.gov.in/product-portfolio/product-mrp-list","2026-08-11"
294,"2514","Cefixime 200 mg, Cloxacillin 500 mg (ER) and Lactic Acid Bacillus Tablets","Susceptible bacterial infection (site varies)","Antibiotics","10's",96.56,"Official PMBJP maximum retail price for the stated pack","https://www.janaushadhi.gov.in/product-portfolio/product-mrp-list","2026-08-11"
295,"1607","Drotaverine Hydrochloride Tablets IP 80 mg","Abdominal cramps / irritable bowel symptoms","Gastrointestinal (GIT)","15's",18.75,"Official PMBJP maximum retail price for the stated pack","https://www.janaushadhi.gov.in/product-portfolio/product-mrp-list","2026-08-11"
296,"2083","Calcium Citrate Malate 250mg , Vitamin D3 100IU and Folic Acid 50mcg Tablets","Iron-deficiency anaemia / nutritional supplementation","Supplement/Vitamin/Mineral","10's",18.75,"Official PMBJP maximum retail price for the stated pack","https://www.janaushadhi.gov.in/product-portfolio/product-mrp-list","2026-08-11"
297,"2614","Nitrofurantoin Sustained Release Tablets 100mg","Susceptible bacterial infection (site varies)","Urology","15's",28.13,"Official PMBJP maximum retail price for the stated pack","https://www.janaushadhi.gov.in/product-portfolio/product-mrp-list","2026-08-11"
298,"916","Imatinib Mesylate Tablets IP 400mg","Cancer treatment; type and regimen are specialist-defined","Oncology","10's",210.94,"Official PMBJP maximum retail price for the stated pack","https://www.janaushadhi.gov.in/product-portfolio/product-mrp-list","2026-08-11"
299,"245","Etophyllin 77mg and Theophylline 23mg Tablets","Asthma or obstructive airway symptoms","Respiratory","10's",5.16,"Official PMBJP maximum retail price for the stated pack","https://www.janaushadhi.gov.in/product-portfolio/product-mrp-list","2026-08-11"
300,"2109","Glucosamine Tablets USP 500mg","Bone, joint or muscle condition","Ortho","30's in Bottle",75,"Official PMBJP maximum retail price for the stated pack","https://www.janaushadhi.gov.in/product-portfolio/product-mrp-list","2026-08-11"
301,"2044","Levonorgestrel Tablet IP 1.5 mg","Menstrual or contraceptive care; clinician selection","Gynaecology","1's in Monopack",20,"Official PMBJP maximum retail price for the stated pack","https://www.janaushadhi.gov.in/product-portfolio/product-mrp-list","2026-08-11"
302,"1683","Levocetirizine Dihydrochloride Tablets IP 10mg","Allergic rhinitis or hives","Anti-Histaminic","15's",14.44,"Official PMBJP maximum retail price for the stated pack","https://www.janaushadhi.gov.in/product-portfolio/product-mrp-list","2026-08-11"
303,"2138","Torsemide Tablets IP 100mg","Fluid retention and/or hypertension","Diuretic","10's",46.88,"Official PMBJP maximum retail price for the stated pack","https://www.janaushadhi.gov.in/product-portfolio/product-mrp-list","2026-08-11"
304,"264","Amlodipine Tablets IP 5mg","High blood pressure (hypertension)","Cardiovascular System (CVS)","10's",5.68,"Official PMBJP maximum retail price for the stated pack","https://www.janaushadhi.gov.in/product-portfolio/product-mrp-list","2026-08-11"
305,"785","Amitriptyline Hydrochloride Tablets IP 25mg","Neurological or mental-health condition; exact use varies","Central Nervous System (CNS)","15's",9.08,"Official PMBJP maximum retail price for the stated pack","https://www.janaushadhi.gov.in/product-portfolio/product-mrp-list","2026-08-11"
306,"2678","Dapagliflozin 10mg, Vildagliptin 100mg (SR) and Metformin Hydrochloride 500mg (SR) Tablets","Type 2 diabetes","Anti-Diabetic","15's",60.94,"Official PMBJP maximum retail price for the stated pack","https://www.janaushadhi.gov.in/product-portfolio/product-mrp-list","2026-08-11"
307,"6","Chlorzoxazone 500mg, Diclofenac 50mg and Paracetamol 325mg Tablets","Pain and fever","Analgesic/Antipyretic/Anti-Inflammatory","10's",25.78,"Official PMBJP maximum retail price for the stated pack","https://www.janaushadhi.gov.in/product-portfolio/product-mrp-list","2026-08-11"
308,"381","Cefixime 200mg and Ofloxacin 200mg Tablets","Susceptible bacterial infection (site varies)","Antibiotics","10's",52.18,"Official PMBJP maximum retail price for the stated pack","https://www.janaushadhi.gov.in/product-portfolio/product-mrp-list","2026-08-11"
309,"2037","Esomeprazole Gastro-Resistance Tablets IP 20mg","Acid reflux / peptic ulcer disease","Gastrointestinal (GIT)","10's",9.38,"Official PMBJP maximum retail price for the stated pack","https://www.janaushadhi.gov.in/product-portfolio/product-mrp-list","2026-08-11"
310,"1538","Calcium Citrate Malate 250mg, Calcitriol 0.25mcg and Vitamin K2-7 50mcg Tablets","Vitamin D or calcium deficiency / bone health","Supplement/Vitamin/Mineral","10's",37.5,"Official PMBJP maximum retail price for the stated pack","https://www.janaushadhi.gov.in/product-portfolio/product-mrp-list","2026-08-11"
311,"987","Nitrofurantoin Tablets I.P 100mg","Susceptible bacterial infection (site varies)","Urology","10's",18.15,"Official PMBJP maximum retail price for the stated pack","https://www.janaushadhi.gov.in/product-portfolio/product-mrp-list","2026-08-11"
312,"2321","Lapatinib Tablets IP 250mg","Cancer treatment; specialist use","Oncology","30's Bottle",2710,"Official PMBJP maximum retail price for the stated pack","https://www.janaushadhi.gov.in/product-portfolio/product-mrp-list","2026-08-11"
313,"627","Etophylline 115mg and Theophylline 35mg Prolonged Release Tablets IP","Asthma or obstructive airway symptoms","Respiratory","10's",7.5,"Official PMBJP maximum retail price for the stated pack","https://www.janaushadhi.gov.in/product-portfolio/product-mrp-list","2026-08-11"
314,"2173","Ibandronic Acid Tablets 150mg","Bone, joint or muscle condition","Ortho","1's",304.69,"Official PMBJP maximum retail price for the stated pack","https://www.janaushadhi.gov.in/product-portfolio/product-mrp-list","2026-08-11"
315,"954","Medroxyprogesterone Acetate Tablets IP 10mg","Menstrual or contraceptive care; clinician selection","Gynaecology","10's",24.38,"Official PMBJP maximum retail price for the stated pack","https://www.janaushadhi.gov.in/product-portfolio/product-mrp-list","2026-08-11"
316,"248","Levocetrizine Tablets IP 5 mg","Allergy symptoms","Anti-Histaminic","10's",7.94,"Official PMBJP maximum retail price for the stated pack","https://www.janaushadhi.gov.in/product-portfolio/product-mrp-list","2026-08-11"
317,"457","Torsemide Tablets IP 20 mg","Fluid retention and/or hypertension","Diuretic","10's",20.42,"Official PMBJP maximum retail price for the stated pack","https://www.janaushadhi.gov.in/product-portfolio/product-mrp-list","2026-08-11"
318,"790","Aspirin Enteric Coated Tablets IP 75mg","Prevention of blood clots, heart attack or stroke","Cardiovascular System (CVS)","14's",2.81,"Official PMBJP maximum retail price for the stated pack","https://www.janaushadhi.gov.in/product-portfolio/product-mrp-list","2026-08-11"
319,"1906","Amitriptyline Hydrochloride Tablets IP 50 mg","Neurological or mental-health condition; exact use varies","Central Nervous System (CNS)","10's",14.06,"Official PMBJP maximum retail price for the stated pack","https://www.janaushadhi.gov.in/product-portfolio/product-mrp-list","2026-08-11"
320,"2524","Dapagliflozin 5mg and Metformin Hydrochloride (Extended Release) 1000mg Tablets","Type 2 diabetes","Anti-Diabetic","10's",32.81,"Official PMBJP maximum retail price for the stated pack","https://www.janaushadhi.gov.in/product-portfolio/product-mrp-list","2026-08-11"
321,"11","Diclofenac Gastro-Resistant Tablets IP 50 mg","Pain and inflammatory conditions","Analgesic/Antipyretic/Anti-Inflammatory","10's",5.68,"Official PMBJP maximum retail price for the stated pack","https://www.janaushadhi.gov.in/product-portfolio/product-mrp-list","2026-08-11"
322,"385","Cefixime 200mg and Potassium Clavulanate 125mg Tablets","Susceptible bacterial infection (site varies)","Antibiotics","10's",120,"Official PMBJP maximum retail price for the stated pack","https://www.janaushadhi.gov.in/product-portfolio/product-mrp-list","2026-08-11"
323,"484","Esomeprazole Tablets IP 40 mg","Acid reflux / peptic ulcer disease","Gastrointestinal (GIT)","10's",21.55,"Official PMBJP maximum retail price for the stated pack","https://www.janaushadhi.gov.in/product-portfolio/product-mrp-list","2026-08-11"
324,"1564","Cholecalciferol Chewable Tablets 60000 IU","Vitamin D or calcium deficiency / bone health","Supplement/Vitamin/Mineral","4'S",17.02,"Official PMBJP maximum retail price for the stated pack","https://www.janaushadhi.gov.in/product-portfolio/product-mrp-list","2026-08-11"
325,"1729","Ofloxaxin 200mg and Flavoxate 200 mg Tablet","Urinary or prostate condition; exact use varies","Urology","10's",60.94,"Official PMBJP maximum retail price for the stated pack","https://www.janaushadhi.gov.in/product-portfolio/product-mrp-list","2026-08-11"
326,"935","Letrozole Tablets IP 2.5mg","Hormone-sensitive breast cancer; specialist use","Oncology","10's",31.88,"Official PMBJP maximum retail price for the stated pack","https://www.janaushadhi.gov.in/product-portfolio/product-mrp-list","2026-08-11"
327,"628","Etophylline 231mg and Theophylline 69mg Prolonged Release Tablets IP","Asthma or obstructive airway symptoms","Respiratory","10's",14.75,"Official PMBJP maximum retail price for the stated pack","https://www.janaushadhi.gov.in/product-portfolio/product-mrp-list","2026-08-11"
328,"2568","Iguratimod Tablets 25mg","Bone, joint or muscle condition","Ortho","10's",93.75,"Official PMBJP maximum retail price for the stated pack","https://www.janaushadhi.gov.in/product-portfolio/product-mrp-list","2026-08-11"
329,"360","Mifepristone Tablets IP 200 mg","Women's health condition; exact use varies","Gynaecology","1's",62.81,"Official PMBJP maximum retail price for the stated pack","https://www.janaushadhi.gov.in/product-portfolio/product-mrp-list","2026-08-11"
330,"562","Loratadine Tablets IP 10mg","Allergic rhinitis or hives","Anti-Histaminic","10's",9.38,"Official PMBJP maximum retail price for the stated pack","https://www.janaushadhi.gov.in/product-portfolio/product-mrp-list","2026-08-11"
331,"791","Atenolol 25mg and Amlodipine 5mg Tablets IP","High blood pressure (hypertension)","Cardiovascular System (CVS)","14's",15,"Official PMBJP maximum retail price for the stated pack","https://www.janaushadhi.gov.in/product-portfolio/product-mrp-list","2026-08-11"
332,"1905","Amitriptyline Hydrochloride Tablets IP 75 mg","Neurological or mental-health condition; exact use varies","Central Nervous System (CNS)","10's",18.75,"Official PMBJP maximum retail price for the stated pack","https://www.janaushadhi.gov.in/product-portfolio/product-mrp-list","2026-08-11"
333,"2497","Dapagliflozin 5mg and Metformin Hydrochloride (Extended Release) 500mg Tablets","Type 2 diabetes","Anti-Diabetic","10's",28.13,"Official PMBJP maximum retail price for the stated pack","https://www.janaushadhi.gov.in/product-portfolio/product-mrp-list","2026-08-11"
334,"1596","Diclofenac Potassium 50mg and Metaxalone 400mg Tablets","Pain and inflammatory conditions","Analgesic/Antipyretic/Anti-Inflammatory","10's",46.88,"Official PMBJP maximum retail price for the stated pack","https://www.janaushadhi.gov.in/product-portfolio/product-mrp-list","2026-08-11"
335,"54","Cefixime Tablets IP 100 mg","Susceptible bacterial infection (site varies)","Antibiotics","10's",28.88,"Official PMBJP maximum retail price for the stated pack","https://www.janaushadhi.gov.in/product-portfolio/product-mrp-list","2026-08-11"
336,"191","Famotidine Tablets IP 20 mg","Acid reflux / peptic ulcer disease","Gastrointestinal (GIT)","14's",2.81,"Official PMBJP maximum retail price for the stated pack","https://www.janaushadhi.gov.in/product-portfolio/product-mrp-list","2026-08-11"
337,"1584","Coenzyme Q10 (Ubidecarenone) and L-Carnitine Tablets","Nutritional deficiency / supplementation","Supplement/Vitamin/Mineral","10's",93.75,"Official PMBJP maximum retail price for the stated pack","https://www.janaushadhi.gov.in/product-portfolio/product-mrp-list","2026-08-11"
338,"2338","Oxybutynin Chloride 2.5mg Tablets","Overactive bladder","Urology","10's",46.88,"Official PMBJP maximum retail price for the stated pack","https://www.janaushadhi.gov.in/product-portfolio/product-mrp-list","2026-08-11"
339,"736","Megestrol Acetate Tablets IP 40mg","Cancer treatment; specialist use","Oncology","10's",131.25,"Official PMBJP maximum retail price for the stated pack","https://www.janaushadhi.gov.in/product-portfolio/product-mrp-list","2026-08-11"
340,"1228","Gabapentin 300mg and Amitriptyline 10mg Tablets","Neuropathic (nerve) pain; sometimes seizures","Respiratory","10's",51.56,"Official PMBJP maximum retail price for the stated pack","https://www.janaushadhi.gov.in/product-portfolio/product-mrp-list","2026-08-11"
341,"2426","Leflunomide 10mg Tablets","Bone, joint or muscle condition","Ortho","10's",32.81,"Official PMBJP maximum retail price for the stated pack","https://www.janaushadhi.gov.in/product-portfolio/product-mrp-list","2026-08-11"
342,"203","Misoprostol Tablets IP 200 mcg","Women's health condition; exact use varies","Gynaecology","4's",18.75,"Official PMBJP maximum retail price for the stated pack","https://www.janaushadhi.gov.in/product-portfolio/product-mrp-list","2026-08-11"
343,"253","Pheniramine Maleate Tablets IP 25 mg","Allergy symptoms","Anti-Histaminic","15's",4.69,"Official PMBJP maximum retail price for the stated pack","https://www.janaushadhi.gov.in/product-portfolio/product-mrp-list","2026-08-11"
344,"793","Atenolol Tablets IP 25mg","High blood pressure (hypertension)","Cardiovascular System (CVS)","14's",6.19,"Official PMBJP maximum retail price for the stated pack","https://www.janaushadhi.gov.in/product-portfolio/product-mrp-list","2026-08-11"
345,"1910","Amoxapine Tablets IP 100mg","Neurological or mental-health condition; exact use varies","Central Nervous System (CNS)","10's",69.38,"Official PMBJP maximum retail price for the stated pack","https://www.janaushadhi.gov.in/product-portfolio/product-mrp-list","2026-08-11"
346,"2525","Dapagliflozin 5mg and Sitagliptin 100mg Tablets","Type 2 diabetes","Anti-Diabetic","10's",46.88,"Official PMBJP maximum retail price for the stated pack","https://www.janaushadhi.gov.in/product-portfolio/product-mrp-list","2026-08-11"
347,"613","Diclofenac Potassium 50mg, Paracetamol 325mg and Serratiopeptidase 10mg Tablets","Pain and fever","Analgesic/Antipyretic/Anti-Inflammatory","10's",20.42,"Official PMBJP maximum retail price for the stated pack","https://www.janaushadhi.gov.in/product-portfolio/product-mrp-list","2026-08-11"
348,"55","Cefixime Tablets IP 200 mg","Susceptible bacterial infection (site varies)","Antibiotics","10's",52.55,"Official PMBJP maximum retail price for the stated pack","https://www.janaushadhi.gov.in/product-portfolio/product-mrp-list","2026-08-11"
349,"192","Famotidine Tablets IP 40 mg","Acid reflux / peptic ulcer disease","Gastrointestinal (GIT)","14's",4.99,"Official PMBJP maximum retail price for the stated pack","https://www.janaushadhi.gov.in/product-portfolio/product-mrp-list","2026-08-11"
350,"498","Ferrous Ascorbate 100mg and Folic Acid 1.5mg Tablets","Iron-deficiency anaemia / nutritional supplementation","Supplement/Vitamin/Mineral","10's",23.83,"Official PMBJP maximum retail price for the stated pack","https://www.janaushadhi.gov.in/product-portfolio/product-mrp-list","2026-08-11"
351,"1108","Sildenafil Tablets IP 100 mg","Erectile dysfunction; some strengths for pulmonary hypertension","Urology","4's",10.32,"Official PMBJP maximum retail price for the stated pack","https://www.janaushadhi.gov.in/product-portfolio/product-mrp-list","2026-08-11"
352,"2114","Methotrexate Tablets IP 10mg","Cancer treatment; type and regimen are specialist-defined","Oncology","10's",30,"Official PMBJP maximum retail price for the stated pack","https://www.janaushadhi.gov.in/product-portfolio/product-mrp-list","2026-08-11"
353,"2585","Levocetirizine Dihydrochloride 5mg, Montelukast 10mg and Ambroxol Hydrochloride (SR) 75mg Tablets","Asthma or obstructive airway symptoms","Respiratory","10's",32.81,"Official PMBJP maximum retail price for the stated pack","https://www.janaushadhi.gov.in/product-portfolio/product-mrp-list","2026-08-11"
354,"933","Leflunomide Tablets IP 20mg","Bone, joint or muscle condition","Ortho","10's",69.38,"Official PMBJP maximum retail price for the stated pack","https://www.janaushadhi.gov.in/product-portfolio/product-mrp-list","2026-08-11"
355,"2615","Norethisterone Acetate Controlled Release Tablets 10mg","Menstrual or contraceptive care; clinician selection","Gynaecology","10's",25.31,"Official PMBJP maximum retail price for the stated pack","https://www.janaushadhi.gov.in/product-portfolio/product-mrp-list","2026-08-11"
356,"265","Atenolol Tablets IP 50 mg","High blood pressure (hypertension)","Cardiovascular System (CVS)","14's",6.81,"Official PMBJP maximum retail price for the stated pack","https://www.janaushadhi.gov.in/product-portfolio/product-mrp-list","2026-08-11"
357,"1909","Amoxapine Tablets IP 50mg","Neurological or mental-health condition; exact use varies","Central Nervous System (CNS)","10's",48.28,"Official PMBJP maximum retail price for the stated pack","https://www.janaushadhi.gov.in/product-portfolio/product-mrp-list","2026-08-11"
358,"2272","Dapagliflozin 5mg and Sitagliptin 50mg Tablets","Type 2 diabetes","Anti-Diabetic","10's",37.5,"Official PMBJP maximum retail price for the stated pack","https://www.janaushadhi.gov.in/product-portfolio/product-mrp-list","2026-08-11"
359,"1597","Diclofenac Prolonged release Tablets IP 75 mg","Pain and inflammatory conditions","Analgesic/Antipyretic/Anti-Inflammatory","10's",9.38,"Official PMBJP maximum retail price for the stated pack","https://www.janaushadhi.gov.in/product-portfolio/product-mrp-list","2026-08-11"
360,"2159","Cefpodoxime 200mg and Ofloxacin 200mg Tablets","Susceptible bacterial infection (site varies)","Antibiotics","10's",100.31,"Official PMBJP maximum retail price for the stated pack","https://www.janaushadhi.gov.in/product-portfolio/product-mrp-list","2026-08-11"
361,"193","Furazolidone Tablets IP 100 mg","Digestive-system condition; exact use varies","Gastrointestinal (GIT)","10's",0.94,"Official PMBJP maximum retail price for the stated pack","https://www.janaushadhi.gov.in/product-portfolio/product-mrp-list","2026-08-11"
362,"1622","Ferrous Ascorbate 100mg, Folic Acid 1.5mg and Zinc Sulphate 22.5mg Tablets","Iron-deficiency anaemia / nutritional supplementation","Supplement/Vitamin/Mineral","10's",34.03,"Official PMBJP maximum retail price for the stated pack","https://www.janaushadhi.gov.in/product-portfolio/product-mrp-list","2026-08-11"
363,"569","Sildenafil Tablets IP 50 mg","Erectile dysfunction; some strengths for pulmonary hypertension","Urology","4's",10.21,"Official PMBJP maximum retail price for the stated pack","https://www.janaushadhi.gov.in/product-portfolio/product-mrp-list","2026-08-11"
364,"2437","Methotrexate Tablets IP 15mg","Cancer treatment; type and regimen are specialist-defined","Oncology","10's",32.81,"Official PMBJP maximum retail price for the stated pack","https://www.janaushadhi.gov.in/product-portfolio/product-mrp-list","2026-08-11"
365,"2607","Montelukast Sodium 10mg and Ebastine 10mg Tablets","Asthma or obstructive airway symptoms","Respiratory","10's",23.44,"Official PMBJP maximum retail price for the stated pack","https://www.janaushadhi.gov.in/product-portfolio/product-mrp-list","2026-08-11"
366,"2643","Tofacitinib Extended Release Tablets 11mg","Bone, joint or muscle condition","Ortho","10's",126.56,"Official PMBJP maximum retail price for the stated pack","https://www.janaushadhi.gov.in/product-portfolio/product-mrp-list","2026-08-11"
367,"499","Norethisterone Tablets IP 5 mg","Menstrual or contraceptive care; clinician selection","Gynaecology","10's",13.13,"Official PMBJP maximum retail price for the stated pack","https://www.janaushadhi.gov.in/product-portfolio/product-mrp-list","2026-08-11"
368,"2389","Atorvastatin 10mg + Ezetimibe 10mg Tablets","High cholesterol / cardiovascular risk","Cardiovascular System (CVS)","10's",23.44,"Official PMBJP maximum retail price for the stated pack","https://www.janaushadhi.gov.in/product-portfolio/product-mrp-list","2026-08-11"
369,"1912","Aripiprazole Tablets IP 10 mg","Psychotic or bipolar disorder; specialist use","Central Nervous System (CNS)","10's",23.44,"Official PMBJP maximum retail price for the stated pack","https://www.janaushadhi.gov.in/product-portfolio/product-mrp-list","2026-08-11"
370,"2410","Dapagliflozin 5mg+ Vildagliptin (Sustained release)100mg Tablets","Type 2 diabetes","Anti-Diabetic","10's",46.88,"Official PMBJP maximum retail price for the stated pack","https://www.janaushadhi.gov.in/product-portfolio/product-mrp-list","2026-08-11"
371,"21","Diclofenac Sodium 50mg and Paracetamol 325mg Tablets IP","Pain and fever","Analgesic/Antipyretic/Anti-Inflammatory","10's",10.21,"Official PMBJP maximum retail price for the stated pack","https://www.janaushadhi.gov.in/product-portfolio/product-mrp-list","2026-08-11"
372,"383","Cefpodoxime 200mg and Potassium Clavulanate 125mg Tablets","Susceptible bacterial infection (site varies)","Antibiotics","6's",74.25,"Official PMBJP maximum retail price for the stated pack","https://www.janaushadhi.gov.in/product-portfolio/product-mrp-list","2026-08-11"
373,"1663","Hyoscine Butylbromide 10mg and Mefenamic Acid 250mg Tablets","Pain and inflammatory conditions","Gastrointestinal (GIT)","10's",46.88,"Official PMBJP maximum retail price for the stated pack","https://www.janaushadhi.gov.in/product-portfolio/product-mrp-list","2026-08-11"
374,"2045","Ferrous Asparto Glycinate 100 mg, L-Methylfolate Calcium 300mcg, Methylcobalamin 500mcg Tablet","Iron-deficiency anaemia / nutritional supplementation","Supplement/Vitamin/Mineral","10's",37.5,"Official PMBJP maximum retail price for the stated pack","https://www.janaushadhi.gov.in/product-portfolio/product-mrp-list","2026-08-11"
375,"1870","Solifenacin Succinate Tablets IP 10 mg","Overactive bladder","Urology","10's",75,"Official PMBJP maximum retail price for the stated pack","https://www.janaushadhi.gov.in/product-portfolio/product-mrp-list","2026-08-11"
376,"2048","Methotrexate Tablets IP 2.5mg","Cancer treatment; type and regimen are specialist-defined","Oncology","10's",15,"Official PMBJP maximum retail price for the stated pack","https://www.janaushadhi.gov.in/product-portfolio/product-mrp-list","2026-08-11"
377,"556","Montelukast Sodium 10mg and Fexofenadine Hydrochloride 120 mg Tablets","Asthma or obstructive airway symptoms","Respiratory","10's",45.38,"Official PMBJP maximum retail price for the stated pack","https://www.janaushadhi.gov.in/product-portfolio/product-mrp-list","2026-08-11"
378,"2644","Tofacitinib Extended Release Tablets 22mg","Bone, joint or muscle condition","Ortho","10's",225,"Official PMBJP maximum retail price for the stated pack","https://www.janaushadhi.gov.in/product-portfolio/product-mrp-list","2026-08-11"
379,"733","Progesterone Sustained Release Tablets 200 mg","Women's health condition; exact use varies","Gynaecology","10's",152.81,"Official PMBJP maximum retail price for the stated pack","https://www.janaushadhi.gov.in/product-portfolio/product-mrp-list","2026-08-11"
380,"2052","Atorvastatin 10mg And Cholecalciferol 1000 IU Tablet","High cholesterol / cardiovascular risk","Cardiovascular System (CVS)","10's",18.75,"Official PMBJP maximum retail price for the stated pack","https://www.janaushadhi.gov.in/product-portfolio/product-mrp-list","2026-08-11"
381,"1913","Aripiprazole Tablets IP 15 mg","Psychotic or bipolar disorder; specialist use","Central Nervous System (CNS)","10's",32.81,"Official PMBJP maximum retail price for the stated pack","https://www.janaushadhi.gov.in/product-portfolio/product-mrp-list","2026-08-11"
382,"1592","Dapagliflozin Tablets 10 mg","Type 2 diabetes","Anti-Diabetic","10's",33,"Official PMBJP maximum retail price for the stated pack","https://www.janaushadhi.gov.in/product-portfolio/product-mrp-list","2026-08-11"
383,"2538","Diclofenac Sodium 50mg and Thiocolchicoside 4mg Tablets","Pain and inflammatory conditions","Analgesic/Antipyretic/Anti-Inflammatory","10's",44.06,"Official PMBJP maximum retail price for the stated pack","https://www.janaushadhi.gov.in/product-portfolio/product-mrp-list","2026-08-11"
384,"65","Cefpodoxime Proxetil Dispersible Tablets 100 mg","Susceptible bacterial infection (site varies)","Antibiotics","10's",37.5,"Official PMBJP maximum retail price for the stated pack","https://www.janaushadhi.gov.in/product-portfolio/product-mrp-list","2026-08-11"
385,"194","Hyoscine Butylbromide Tablets IP 10 mg","Abdominal cramps / irritable bowel symptoms","Gastrointestinal (GIT)","10's",16.5,"Official PMBJP maximum retail price for the stated pack","https://www.janaushadhi.gov.in/product-portfolio/product-mrp-list","2026-08-11"
386,"224","Folic Acid Tablets IP 5 mg","Iron-deficiency anaemia / nutritional supplementation","Supplement/Vitamin/Mineral","15's",4.54,"Official PMBJP maximum retail price for the stated pack","https://www.janaushadhi.gov.in/product-portfolio/product-mrp-list","2026-08-11"
387,"1869","Solifenacin Succinate Tablets IP 5 mg","Overactive bladder","Urology","10's",60.94,"Official PMBJP maximum retail price for the stated pack","https://www.janaushadhi.gov.in/product-portfolio/product-mrp-list","2026-08-11"
388,"2438","Methotrexate Tablets IP 20mg","Cancer treatment; type and regimen are specialist-defined","Oncology","10's",42.19,"Official PMBJP maximum retail price for the stated pack","https://www.janaushadhi.gov.in/product-portfolio/product-mrp-list","2026-08-11"
389,"252","Montelukast Sodium 10mg and Levocetirizine 5mg Tablets IP","Asthma or obstructive airway symptoms","Respiratory","10's",20.63,"Official PMBJP maximum retail price for the stated pack","https://www.janaushadhi.gov.in/product-portfolio/product-mrp-list","2026-08-11"
390,"2645","Tofacitinib Tablets 10mg","Bone, joint or muscle condition","Ortho","10's",93.75,"Official PMBJP maximum retail price for the stated pack","https://www.janaushadhi.gov.in/product-portfolio/product-mrp-list","2026-08-11"
391,"2017","Ulipristal Acetate Tablets 5mg","Women's health condition; exact use varies","Gynaecology","10's",445.31,"Official PMBJP maximum retail price for the stated pack","https://www.janaushadhi.gov.in/product-portfolio/product-mrp-list","2026-08-11"
392,"429","Atorvastatin 10mg and Fenofibrate 160mg Tablets IP","High cholesterol / cardiovascular risk","Cardiovascular System (CVS)","15's",30.94,"Official PMBJP maximum retail price for the stated pack","https://www.janaushadhi.gov.in/product-portfolio/product-mrp-list","2026-08-11"
393,"1911","Aripiprazole Tablets IP 2.5 mg","Psychotic or bipolar disorder; specialist use","Central Nervous System (CNS)","10's",9.38,"Official PMBJP maximum retail price for the stated pack","https://www.janaushadhi.gov.in/product-portfolio/product-mrp-list","2026-08-11"
394,"2101","Dapagliflozin Tablets 5mg","Type 2 diabetes","Anti-Diabetic","10's",25.78,"Official PMBJP maximum retail price for the stated pack","https://www.janaushadhi.gov.in/product-portfolio/product-mrp-list","2026-08-11"
395,"2539","Diclofenac Sodium 50mg and Thiocolchicoside 8mg Tablets","Pain and inflammatory conditions","Analgesic/Antipyretic/Anti-Inflammatory","10's",56.25,"Official PMBJP maximum retail price for the stated pack","https://www.janaushadhi.gov.in/product-portfolio/product-mrp-list","2026-08-11"
396,"741","Cefpodoxime Proxetil Dispersible Tablets 50 mg","Susceptible bacterial infection (site varies)","Antibiotics","10's",27.19,"Official PMBJP maximum retail price for the stated pack","https://www.janaushadhi.gov.in/product-portfolio/product-mrp-list","2026-08-11"
397,"2174","Ilaprazole Tablets 10mg","Digestive-system condition; exact use varies","Gastrointestinal (GIT)","10's",23.44,"Official PMBJP maximum retail price for the stated pack","https://www.janaushadhi.gov.in/product-portfolio/product-mrp-list","2026-08-11"
398,"2051","L-Carnitine-L-Tartrate 1000Mg, Co-Enzyme Q10 60Mg, Zinc Oxide (As Elemental Zinc) 12.5Mg, Lycopene 2500Mcg Tablets","Nutritional deficiency / supplementation","Supplement/Vitamin/Mineral","10's",194.06,"Official PMBJP maximum retail price for the stated pack","https://www.janaushadhi.gov.in/product-portfolio/product-mrp-list","2026-08-11"
399,"2041","Tadalafil 10Mg And Dapoxetine 30 Mg Tablets","Erectile dysfunction; some strengths for pulmonary hypertension","Urology","4's",65.63,"Official PMBJP maximum retail price for the stated pack","https://www.janaushadhi.gov.in/product-portfolio/product-mrp-list","2026-08-11"
400,"2115","Methotrexate Tablets IP 5mg","Cancer treatment; type and regimen are specialist-defined","Oncology","10's",20,"Official PMBJP maximum retail price for the stated pack","https://www.janaushadhi.gov.in/product-portfolio/product-mrp-list","2026-08-11"
401,"251","Montelukast Sodium Tablets IP 10mg","Asthma or obstructive airway symptoms","Respiratory","10's",20.42,"Official PMBJP maximum retail price for the stated pack","https://www.janaushadhi.gov.in/product-portfolio/product-mrp-list","2026-08-11"
402,"2646","Tofacitinib Tablets 5mg","Bone, joint or muscle condition","Ortho","10's",51.56,"Official PMBJP maximum retail price for the stated pack","https://www.janaushadhi.gov.in/product-portfolio/product-mrp-list","2026-08-11"
403,"2390","Atorvastatin 20mg + Ezetimibe 10mg Tablets","High cholesterol / cardiovascular risk","Cardiovascular System (CVS)","10's",28.13,"Official PMBJP maximum retail price for the stated pack","https://www.janaushadhi.gov.in/product-portfolio/product-mrp-list","2026-08-11"
404,"1914","Aripiprazole Tablets IP 20 mg","Psychotic or bipolar disorder; specialist use","Central Nervous System (CNS)","10's",42.19,"Official PMBJP maximum retail price for the stated pack","https://www.janaushadhi.gov.in/product-portfolio/product-mrp-list","2026-08-11"
405,"1609","Empagliflozin Tablets 10 mg","Type 2 diabetes","Anti-Diabetic","10's",37.5,"Official PMBJP maximum retail price for the stated pack","https://www.janaushadhi.gov.in/product-portfolio/product-mrp-list","2026-08-11"
406,"9","Diclofenac Sodium Prolonged Release Tablets IP 100 mg","Pain and inflammatory conditions","Analgesic/Antipyretic/Anti-Inflammatory","10's",12.47,"Official PMBJP maximum retail price for the stated pack","https://www.janaushadhi.gov.in/product-portfolio/product-mrp-list","2026-08-11"
407,"66","Cefpodoxime Tablets IP 200 mg","Susceptible bacterial infection (site varies)","Antibiotics","10's",72.19,"Official PMBJP maximum retail price for the stated pack","https://www.janaushadhi.gov.in/product-portfolio/product-mrp-list","2026-08-11"
408,"491","Itopride Tablets IP 50 mg","Digestive-system condition; exact use varies","Gastrointestinal (GIT)","10's",33.75,"Official PMBJP maximum retail price for the stated pack","https://www.janaushadhi.gov.in/product-portfolio/product-mrp-list","2026-08-11"
409,"1674","L-Methylfolate 1mg, Pyridoxal-5 Phosphate 0.5mg & Methylcobalamin 1500mcg Tablets","Nutritional deficiency / supplementation","Supplement/Vitamin/Mineral","10's",37.5,"Official PMBJP maximum retail price for the stated pack","https://www.janaushadhi.gov.in/product-portfolio/product-mrp-list","2026-08-11"
410,"2754","Tadalafil Tablets IP 10 mg","Erectile dysfunction; some strengths for pulmonary hypertension","Urology","4's",9.38,"Official PMBJP maximum retail price for the stated pack","https://www.janaushadhi.gov.in/product-portfolio/product-mrp-list","2026-08-11"
411,"413","Methotrexate Tablets IP 7.5 mg","Cancer treatment; type and regimen are specialist-defined","Oncology","10's",25,"Official PMBJP maximum retail price for the stated pack","https://www.janaushadhi.gov.in/product-portfolio/product-mrp-list","2026-08-11"
412,"250","Montelukast Sodium Tablets IP 5mg","Asthma or obstructive airway symptoms","Respiratory","10's",14.06,"Official PMBJP maximum retail price for the stated pack","https://www.janaushadhi.gov.in/product-portfolio/product-mrp-list","2026-08-11"
413,"266","Atorvastatin Tablets IP 10mg","High cholesterol / cardiovascular risk","Cardiovascular System (CVS)","10's",9.08,"Official PMBJP maximum retail price for the stated pack","https://www.janaushadhi.gov.in/product-portfolio/product-mrp-list","2026-08-11"
414,"1916","Aripiprazole Tablets IP 30 mg","Psychotic or bipolar disorder; specialist use","Central Nervous System (CNS)","10's",28.13,"Official PMBJP maximum retail price for the stated pack","https://www.janaushadhi.gov.in/product-portfolio/product-mrp-list","2026-08-11"
415,"1610","Empagliflozin Tablets 25 mg","Type 2 diabetes","Anti-Diabetic","10's",61.88,"Official PMBJP maximum retail price for the stated pack","https://www.janaushadhi.gov.in/product-portfolio/product-mrp-list","2026-08-11"
416,"467","Dicyclomine Hydrochloride 10mg and Mefenamic Acid 250mg Tablets IP","Pain and inflammatory conditions","Analgesic/Antipyretic/Anti-Inflammatory","10's",13.62,"Official PMBJP maximum retail price for the stated pack","https://www.janaushadhi.gov.in/product-portfolio/product-mrp-list","2026-08-11"
417,"1987","Cefprozil Tablet 250 mg","Susceptible bacterial infection","Antibiotics","10's",140.63,"Official PMBJP maximum retail price for the stated pack","https://www.janaushadhi.gov.in/product-portfolio/product-mrp-list","2026-08-11"
418,"196","Lactic Acid Bacillus Tablets 60 Million spores","Digestive-system condition; exact use varies","Gastrointestinal (GIT)","10's",7.94,"Official PMBJP maximum retail price for the stated pack","https://www.janaushadhi.gov.in/product-portfolio/product-mrp-list","2026-08-11"
419,"1673","L-Methylfolate Calcium 2.8mg, Pyridoxal-5-Phosphate 25mg and Mecobalamin 2mg Tablets","Vitamin D or calcium deficiency / bone health","Supplement/Vitamin/Mineral","10's",56.25,"Official PMBJP maximum retail price for the stated pack","https://www.janaushadhi.gov.in/product-portfolio/product-mrp-list","2026-08-11"
420,"2752","Tadalafil Tablets IP 2.5 mg","Erectile dysfunction; some strengths for pulmonary hypertension","Urology","10's",9.38,"Official PMBJP maximum retail price for the stated pack","https://www.janaushadhi.gov.in/product-portfolio/product-mrp-list","2026-08-11"
421,"2452","Pazopanib Tablets 200mg","Cancer treatment; specialist use","Oncology","30's bottle in Monopack",2062.5,"Official PMBJP maximum retail price for the stated pack","https://www.janaushadhi.gov.in/product-portfolio/product-mrp-list","2026-08-11"
422,"2129","Pirfenidone Tablets IP 400mg","Respiratory condition; exact use varies","Respiratory","10's",159.38,"Official PMBJP maximum retail price for the stated pack","https://www.janaushadhi.gov.in/product-portfolio/product-mrp-list","2026-08-11"
423,"267","Atorvastatin Tablets IP 20mg","High cholesterol / cardiovascular risk","Cardiovascular System (CVS)","10's",12.47,"Official PMBJP maximum retail price for the stated pack","https://www.janaushadhi.gov.in/product-portfolio/product-mrp-list","2026-08-11"
424,"1125","Aripiprazole Tablets IP 5mg","Psychotic or bipolar disorder; specialist use","Central Nervous System (CNS)","10's",13.13,"Official PMBJP maximum retail price for the stated pack","https://www.janaushadhi.gov.in/product-portfolio/product-mrp-list","2026-08-11"
425,"1644","Glibenclamide 5 mg, Metformin 500 mg and Pioglitazone 15 mg Tablet","Type 2 diabetes","Anti-Diabetic","10's",25.78,"Official PMBJP maximum retail price for the stated pack","https://www.janaushadhi.gov.in/product-portfolio/product-mrp-list","2026-08-11"
426,"1301","Drotaverine 80mg and Aceclofenac 100mg Tablets","Pain and inflammatory conditions","Analgesic/Antipyretic/Anti-Inflammatory","10's",30.94,"Official PMBJP maximum retail price for the stated pack","https://www.janaushadhi.gov.in/product-portfolio/product-mrp-list","2026-08-11"
427,"1986","Cefprozil Tablet 500 mg","Susceptible bacterial infection","Antibiotics","6's",168.75,"Official PMBJP maximum retail price for the stated pack","https://www.janaushadhi.gov.in/product-portfolio/product-mrp-list","2026-08-11"
428,"945","Levosulpiride Tablets 25mg","Digestive-system condition; exact use varies","Gastrointestinal (GIT)","10's",10.31,"Official PMBJP maximum retail price for the stated pack","https://www.janaushadhi.gov.in/product-portfolio/product-mrp-list","2026-08-11"
429,"766","L-Methylfolate calcium 7.5mg Tablet","Vitamin D or calcium deficiency / bone health","Supplement/Vitamin/Mineral","10's",55.31,"Official PMBJP maximum retail price for the stated pack","https://www.janaushadhi.gov.in/product-portfolio/product-mrp-list","2026-08-11"
430,"570","Tadalafil Tablets IP 20 mg","Erectile dysfunction; some strengths for pulmonary hypertension","Urology","4's",17.02,"Official PMBJP maximum retail price for the stated pack","https://www.janaushadhi.gov.in/product-portfolio/product-mrp-list","2026-08-11"
431,"2453","Pazopanib Tablets 400mg","Cancer treatment; specialist use","Oncology","30's bottle in Monopack",2906.25,"Official PMBJP maximum retail price for the stated pack","https://www.janaushadhi.gov.in/product-portfolio/product-mrp-list","2026-08-11"
432,"256","Salbutamol Tablets IP 2mg","Asthma or obstructive airway symptoms","Respiratory","10's",0.94,"Official PMBJP maximum retail price for the stated pack","https://www.janaushadhi.gov.in/product-portfolio/product-mrp-list","2026-08-11"
433,"456","Atorvastatin Tablets IP 40 mg","High cholesterol / cardiovascular risk","Cardiovascular System (CVS)","10's",22.69,"Official PMBJP maximum retail price for the stated pack","https://www.janaushadhi.gov.in/product-portfolio/product-mrp-list","2026-08-11"
434,"1915","Aripiprazole Tablets IP 7.5 mg","Psychotic or bipolar disorder; specialist use","Central Nervous System (CNS)","10's",21.56,"Official PMBJP maximum retail price for the stated pack","https://www.janaushadhi.gov.in/product-portfolio/product-mrp-list","2026-08-11"
435,"713","Glibenclamide 5mg and Metformin Hydrochloride 500mg Tablets IP","Type 2 diabetes","Anti-Diabetic","10's",12.38,"Official PMBJP maximum retail price for the stated pack","https://www.janaushadhi.gov.in/product-portfolio/product-mrp-list","2026-08-11"
436,"717","Etodolac Tablets IP 300mg","Pain, fever or inflammation","Analgesic/Antipyretic/Anti-Inflammatory","10's",35.06,"Official PMBJP maximum retail price for the stated pack","https://www.janaushadhi.gov.in/product-portfolio/product-mrp-list","2026-08-11"
437,"395","Cefuroxime Axetil 500mg and Potassium Clavulanate 125mg Tablets IP","Susceptible bacterial infection (site varies)","Antibiotics","6's",102.19,"Official PMBJP maximum retail price for the stated pack","https://www.janaushadhi.gov.in/product-portfolio/product-mrp-list","2026-08-11"
438,"1948","Levosulpiride Tablets 50 mg","Digestive-system condition; exact use varies","Gastrointestinal (GIT)","10's",20.63,"Official PMBJP maximum retail price for the stated pack","https://www.janaushadhi.gov.in/product-portfolio/product-mrp-list","2026-08-11"
439,"939","Levocarnitine Tablets 500mg","Nutritional deficiency / supplementation","Supplement/Vitamin/Mineral","10's",52.5,"Official PMBJP maximum retail price for the stated pack","https://www.janaushadhi.gov.in/product-portfolio/product-mrp-list","2026-08-11"
440,"2753","Tadalafil Tablets IP 5 mg","Erectile dysfunction; some strengths for pulmonary hypertension","Urology","10's",11.25,"Official PMBJP maximum retail price for the stated pack","https://www.janaushadhi.gov.in/product-portfolio/product-mrp-list","2026-08-11"
441,"2468","Sorafenib Tablets 200mg","Cancer treatment; specialist use","Oncology","120's Bottle",3000,"Official PMBJP maximum retail price for the stated pack","https://www.janaushadhi.gov.in/product-portfolio/product-mrp-list","2026-08-11"
442,"260","Salbutamol Tablets IP 4 mg","Asthma or obstructive airway symptoms","Respiratory","10's",1.88,"Official PMBJP maximum retail price for the stated pack","https://www.janaushadhi.gov.in/product-portfolio/product-mrp-list","2026-08-11"
443,"2076","Atorvastatin Tablets IP 5mg","High cholesterol / cardiovascular risk","Cardiovascular System (CVS)","10's",10.32,"Official PMBJP maximum retail price for the stated pack","https://www.janaushadhi.gov.in/product-portfolio/product-mrp-list","2026-08-11"
444,"2289","Armodafinil 150mg Tablets","Neurological or mental-health condition; exact use varies","Central Nervous System (CNS)","10's",121.88,"Official PMBJP maximum retail price for the stated pack","https://www.janaushadhi.gov.in/product-portfolio/product-mrp-list","2026-08-11"
445,"133","Glibenclamide Tablets IP 2.5 mg","Diabetes mellitus","Anti-Diabetic","10's",2.81,"Official PMBJP maximum retail price for the stated pack","https://www.janaushadhi.gov.in/product-portfolio/product-mrp-list","2026-08-11"
446,"1617","Etoricoxib 60mg and Paracetamol 325mg Tablets","Pain and fever","Analgesic/Antipyretic/Anti-Inflammatory","10's",25.31,"Official PMBJP maximum retail price for the stated pack","https://www.janaushadhi.gov.in/product-portfolio/product-mrp-list","2026-08-11"
447,"739","Cefuroxime Axetil Tablets IP 125mg","Susceptible bacterial infection (site varies)","Antibiotics","6's",32.81,"Official PMBJP maximum retail price for the stated pack","https://www.janaushadhi.gov.in/product-portfolio/product-mrp-list","2026-08-11"
448,"1949","Levosulpiride Tablets 75 mg","Digestive-system condition; exact use varies","Gastrointestinal (GIT)","10's",30.94,"Official PMBJP maximum retail price for the stated pack","https://www.janaushadhi.gov.in/product-portfolio/product-mrp-list","2026-08-11"
449,"586","Methylcobalamin 1500mcg, L- Carnitine L- Tartrate 500mg and Folic Acid 1.5mg Tablets","Iron-deficiency anaemia / nutritional supplementation","Supplement/Vitamin/Mineral","10's",103.13,"Official PMBJP maximum retail price for the stated pack","https://www.janaushadhi.gov.in/product-portfolio/product-mrp-list","2026-08-11"
450,"571","Tamsulosin Hydrochloride (Modified Release) 0.4mg and Dutasteride 0.5mg Tablets","Enlarged prostate urinary symptoms","Urology","15's",27.23,"Official PMBJP maximum retail price for the stated pack","https://www.janaushadhi.gov.in/product-portfolio/product-mrp-list","2026-08-11"
451,"163","Tamoxifen Citrate Tablets IP 10 mg","Hormone-sensitive breast cancer; specialist use","Oncology","10's",10.31,"Official PMBJP maximum retail price for the stated pack","https://www.janaushadhi.gov.in/product-portfolio/product-mrp-list","2026-08-11"
452,"1451","Theophylline Prolonged-release Tablets IP 400 mg","Asthma or obstructive airway symptoms","Respiratory","10's",28.13,"Official PMBJP maximum retail price for the stated pack","https://www.janaushadhi.gov.in/product-portfolio/product-mrp-list","2026-08-11"
453,"2148","Atorvastatin Tablets IP 80mg","High cholesterol / cardiovascular risk","Cardiovascular System (CVS)","10's",32.81,"Official PMBJP maximum retail price for the stated pack","https://www.janaushadhi.gov.in/product-portfolio/product-mrp-list","2026-08-11"
454,"1525","Betahistine Tablets IP 16 mg","Neurological or mental-health condition; exact use varies","Central Nervous System (CNS)","15's",16.5,"Official PMBJP maximum retail price for the stated pack","https://www.janaushadhi.gov.in/product-portfolio/product-mrp-list","2026-08-11"
455,"134","Glibenclamide Tablets IP 5 mg","Diabetes mellitus","Anti-Diabetic","10's",5.68,"Official PMBJP maximum retail price for the stated pack","https://www.janaushadhi.gov.in/product-portfolio/product-mrp-list","2026-08-11"
456,"1618","Etoricoxib 60mg and Thiocolchicoside 4mg Tablets","Pain and inflammatory conditions","Analgesic/Antipyretic/Anti-Inflammatory","10's",56.25,"Official PMBJP maximum retail price for the stated pack","https://www.janaushadhi.gov.in/product-portfolio/product-mrp-list","2026-08-11"
457,"78","Cefuroxime Axetil Tablets IP 250 mg","Susceptible bacterial infection (site varies)","Antibiotics","10's",70.31,"Official PMBJP maximum retail price for the stated pack","https://www.janaushadhi.gov.in/product-portfolio/product-mrp-list","2026-08-11"
458,"2436","Mebeverine (135mg) + Chlordiazepoxide (5mg) Tablets","Abdominal cramps / irritable bowel symptoms","Gastrointestinal (GIT)","10's",28.13,"Official PMBJP maximum retail price for the stated pack","https://www.janaushadhi.gov.in/product-portfolio/product-mrp-list","2026-08-11"
459,"1961","Methylcobalamin Tablet 1500mcg","Nutritional deficiency / supplementation","Supplement/Vitamin/Mineral","10's",25.78,"Official PMBJP maximum retail price for the stated pack","https://www.janaushadhi.gov.in/product-portfolio/product-mrp-list","2026-08-11"
460,"2485","Torasemide 10mg + Spironolactone 25mg Tablets","Heart failure; specialist-directed use","Urology","10's",17.81,"Official PMBJP maximum retail price for the stated pack","https://www.janaushadhi.gov.in/product-portfolio/product-mrp-list","2026-08-11"
461,"164","Tamoxifen Citrate Tablets IP 20 mg","Hormone-sensitive breast cancer; specialist use","Oncology","10's",15,"Official PMBJP maximum retail price for the stated pack","https://www.janaushadhi.gov.in/product-portfolio/product-mrp-list","2026-08-11"
462,"2393","Azelnidipine 8mg + Telmisartan 40mg Tablets","High blood pressure (hypertension)","Cardiovascular System (CVS)","10's",42.19,"Official PMBJP maximum retail price for the stated pack","https://www.janaushadhi.gov.in/product-portfolio/product-mrp-list","2026-08-11"
463,"1526","Betahistine Tablets IP 24 mg","Neurological or mental-health condition; exact use varies","Central Nervous System (CNS)","15's",22.5,"Official PMBJP maximum retail price for the stated pack","https://www.janaushadhi.gov.in/product-portfolio/product-mrp-list","2026-08-11"
464,"2676","Gliclazide 60 mg (Extended Release) and Metformin Hydrochloride 1000 mg (Extended Release) Tablets","Type 2 diabetes","Anti-Diabetic","10's",68.44,"Official PMBJP maximum retail price for the stated pack","https://www.janaushadhi.gov.in/product-portfolio/product-mrp-list","2026-08-11"
465,"12","Etoricoxib Tablets IP 120 mg","Pain and inflammatory conditions","Analgesic/Antipyretic/Anti-Inflammatory","10's",35.63,"Official PMBJP maximum retail price for the stated pack","https://www.janaushadhi.gov.in/product-portfolio/product-mrp-list","2026-08-11"
466,"79","Cefuroxime Axetil Tablets IP 500 mg","Susceptible bacterial infection (site varies)","Antibiotics","10's",146.44,"Official PMBJP maximum retail price for the stated pack","https://www.janaushadhi.gov.in/product-portfolio/product-mrp-list","2026-08-11"
467,"1342","Mebeverine Hydrochloride Tablets IP 200mg","Abdominal cramps / irritable bowel symptoms","Gastrointestinal (GIT)","10's",52.5,"Official PMBJP maximum retail price for the stated pack","https://www.janaushadhi.gov.in/product-portfolio/product-mrp-list","2026-08-11"
468,"1962","Methylcobalamin Tablet 500mcg","Nutritional deficiency / supplementation","Supplement/Vitamin/Mineral","10's",15.47,"Official PMBJP maximum retail price for the stated pack","https://www.janaushadhi.gov.in/product-portfolio/product-mrp-list","2026-08-11"
469,"1827","Torsemide Tablets IP 40mg","Urinary or prostate condition; exact use varies","Urology","15's",46.88,"Official PMBJP maximum retail price for the stated pack","https://www.janaushadhi.gov.in/product-portfolio/product-mrp-list","2026-08-11"
470,"2392","Azelnidipine Tablets IP 16mg","Cardiovascular disease; exact use depends on medicine","Cardiovascular System (CVS)","10's",46.88,"Official PMBJP maximum retail price for the stated pack","https://www.janaushadhi.gov.in/product-portfolio/product-mrp-list","2026-08-11"
